target_id,K_construction,K_proven,m_operators,regime,seed,converged,exact_hash_match,gens_to_converge,final_nmse,final_tree_size,terminal_state,wall_seconds
K11_RS00,11,11,5,A,1753007184,true,true,5,0.0,11,converged,0.17047810554504395
K11_RS00,11,11,5,A,2107424273,true,true,8,0.0,11,converged,0.1658618450164795
K11_RS00,11,11,5,A,418825361,true,true,25,0.0,11,converged,0.18721580505371094
K11_RS00,11,11,5,A,215858185,true,true,9,0.0,11,converged,0.21834492683410645
K11_RS00,11,11,5,A,449904892,true,true,12,0.0,11,converged,0.21899890899658203
K11_RS00,11,11,5,A,1667643188,true,true,10,0.0,11,converged,0.14760994911193848
K11_RS00,11,11,5,B,128182595,false,false,,0.0007676594404447713,51,budget_exhausted,5.478738784790039
K11_RS00,11,11,5,B,1845143962,false,false,,0.5704983930712578,63,budget_exhausted,6.272305965423584
K11_RS00,11,11,5,B,418825361,false,false,,0.009216693657377446,59,budget_exhausted,6.521843194961548
K11_RS00,11,11,5,B,215858185,false,false,,7.659974254557897e-06,33,budget_exhausted,4.095868110656738
K11_RS00,11,11,5,B,449904892,false,false,,0.13768981012178919,71,budget_exhausted,7.739399194717407
K11_RS00,11,11,5,B,1667643188,false,false,,0.00014303720143304472,45,budget_exhausted,4.963579177856445
K11_RS00,11,11,5,B,1683375127,false,false,,5.957241429023221e-06,43,budget_exhausted,4.543721914291382
K11_RS00,11,11,5,B,893706906,false,false,,0.056461034387413955,143,budget_exhausted,10.717012166976929
K11_RS00,11,11,5,B,1753007184,true,true,32,0.0,11,converged,0.8471808433532715
K11_RS00,11,11,5,B,2107424273,false,false,,0.006672869004543199,89,budget_exhausted,8.307883024215698
K11_RS01,11,11,5,B,1683375127,true,true,27,0.0,11,converged,1.009291172027588
K11_RS01,11,11,5,B,893706906,true,true,54,0.0,11,converged,1.4709219932556152
K11_RS01,11,11,5,B,1753007184,true,true,86,0.0,11,converged,3.366934061050415
K11_RS01,11,11,5,B,2107424273,true,true,75,0.0,11,converged,2.085076093673706
K11_RS01,11,11,5,A,128182595,true,true,66,0.0,11,converged,1.5094308853149414
K11_RS01,11,11,5,A,1845143962,true,true,32,0.0,11,converged,0.2677156925201416
K11_RS01,11,11,5,A,1683375127,true,true,8,0.0,11,converged,0.14903497695922852
K11_RS01,11,11,5,A,893706906,false,false,,0.5237770318903215,471,budget_exhausted,30.885003089904785
K11_RS00,11,11,5,A,128182595,true,true,13,0.0,11,converged,0.1814432144165039
K11_RS00,11,11,5,A,1845143962,true,true,14,0.0,11,converged,0.1976780891418457
K11_RS00,11,11,5,A,1683375127,true,true,7,0.0,11,converged,0.1564950942993164
K11_RS00,11,11,5,A,893706906,false,false,,0.01598976587393101,853,budget_exhausted,34.856438636779785
K11_RS01,11,11,5,A,1753007184,true,true,14,0.0,11,converged,0.19919896125793457
K11_RS01,11,11,5,A,2107424273,true,true,37,0.0,11,converged,0.716454029083252
K11_RS01,11,11,5,A,418825361,true,true,33,0.0,11,converged,0.23184418678283691
K11_RS01,11,11,5,A,215858185,false,false,,0.7404314135722752,513,budget_exhausted,35.180214166641235
K11_RS01,11,11,5,B,418825361,false,false,,0.00214223151904699,97,budget_exhausted,8.37910509109497
K11_RS01,11,11,5,B,215858185,true,true,1,0.0,11,converged,0.14844989776611328
K11_RS01,11,11,5,B,449904892,false,false,,0.34860190624146464,87,budget_exhausted,8.851171016693115
K11_RS01,11,11,5,B,1667643188,true,true,23,0.0,11,converged,0.657113790512085
K11_RS02,11,11,5,A,449904892,true,false,9,1.867701593319169e-11,17,converged,0.2390758991241455
K11_RS02,11,11,5,A,1667643188,true,true,15,0.0,11,converged,0.16921710968017578
K11_RS02,11,11,5,B,128182595,false,false,,0.03537287317558978,61,budget_exhausted,6.030035972595215
K11_RS02,11,11,5,B,1845143962,true,true,150,0.0,11,converged,3.599148988723755
K11_RS03,11,11,5,A,128182595,false,false,,0.3828952155823484,1,budget_exhausted,0.6111128330230713
K11_RS03,11,11,5,A,1845143962,false,false,,0.3828952155823484,1,budget_exhausted,0.6392149925231934
K11_RS03,11,11,5,A,1683375127,false,false,,0.3828952155823484,1,budget_exhausted,0.6095359325408936
K11_RS03,11,11,5,A,893706906,false,false,,0.3828952155823484,1,budget_exhausted,0.6428549289703369
K11_RS01,11,11,5,A,449904892,false,false,,0.5807584806992561,527,budget_exhausted,29.964235067367554
K11_RS01,11,11,5,A,1667643188,true,true,14,0.0,11,converged,0.20766377449035645
K11_RS01,11,11,5,B,128182595,false,false,,0.0024161118434653066,87,budget_exhausted,8.377527952194214
K11_RS01,11,11,5,B,1845143962,true,true,109,0.0,11,converged,2.8565990924835205
K11_RS02,11,11,5,B,1683375127,false,false,,1.3547301120769915,97,budget_exhausted,8.785426378250122
K11_RS02,11,11,5,B,893706906,false,false,,0.00988566652782942,65,budget_exhausted,6.704206705093384
K11_RS02,11,11,5,B,1753007184,false,false,,0.06264123977567876,111,budget_exhausted,9.182645082473755
K11_RS02,11,11,5,B,2107424273,false,false,,0.050091940757174054,129,budget_exhausted,9.674381732940674
K11_RS02,11,11,5,B,418825361,false,false,,0.006353053814667298,71,budget_exhausted,7.51292610168457
K11_RS02,11,11,5,B,215858185,false,false,,0.005322484563273309,123,budget_exhausted,10.751216173171997
K11_RS02,11,11,5,B,449904892,false,false,,0.0637035394418179,129,budget_exhausted,10.947882890701294
K11_RS02,11,11,5,B,1667643188,false,false,,1.3990489310564355e-06,61,budget_exhausted,5.653510093688965
K11_RS03,11,11,5,A,449904892,false,false,,0.3828952155823484,1,budget_exhausted,0.6339240074157715
K11_RS03,11,11,5,A,1667643188,false,false,,0.3828952155823484,1,budget_exhausted,0.6056063175201416
K11_RS03,11,11,5,B,128182595,false,false,,0.009813514382514859,117,budget_exhausted,8.56987714767456
K11_RS03,11,11,5,B,1845143962,false,false,,0.0033908312546962593,173,budget_exhausted,14.60085129737854
K11_RS03,11,11,5,A,1753007184,false,false,,0.008502951545660777,783,budget_exhausted,34.39279103279114
K11_RS03,11,11,5,A,2107424273,false,false,,0.3828952155823484,1,budget_exhausted,0.6165621280670166
K11_RS03,11,11,5,A,418825361,false,false,,0.3828952155823484,1,budget_exhausted,0.5994689464569092
K11_RS03,11,11,5,A,215858185,false,false,,0.3828952155823484,1,budget_exhausted,0.6244778633117676
K11_RS03,11,11,5,B,1683375127,false,false,,0.004618494485927284,93,budget_exhausted,8.311641216278076
K11_RS03,11,11,5,B,893706906,false,false,,0.01667701959459335,121,budget_exhausted,7.085141897201538
K11_RS03,11,11,5,B,1753007184,false,false,,0.047224877156119976,93,budget_exhausted,10.029742002487183
K11_RS03,11,11,5,B,2107424273,false,false,,0.0032576580869926874,105,budget_exhausted,9.525158166885376
K11_RS03,11,11,5,B,418825361,false,false,,0.012318809339273443,81,budget_exhausted,6.656912088394165
K11_RS03,11,11,5,B,215858185,false,false,,0.006538399875690842,89,budget_exhausted,8.85657024383545
K11_RS03,11,11,5,B,449904892,false,false,,0.005958353342495648,71,budget_exhausted,7.16081428527832
K11_RS03,11,11,5,B,1667643188,false,false,,0.03386669417332833,29,budget_exhausted,6.590985059738159
K11_RS04,11,11,5,B,1683375127,false,false,,0.018865379202041677,77,budget_exhausted,7.7146689891815186
K11_RS04,11,11,5,B,893706906,false,false,,0.030266273001751318,129,budget_exhausted,10.837785720825195
K11_RS04,11,11,5,B,1753007184,false,false,,0.0029132949614893242,75,budget_exhausted,5.983603000640869
K11_RS04,11,11,5,B,2107424273,false,false,,0.00211470579461868,59,budget_exhausted,6.171958923339844
K11_RS02,11,11,5,A,128182595,true,true,7,0.0,11,converged,0.1636793613433838
K11_RS02,11,11,5,A,1845143962,false,false,,0.0016807316628571038,1457,budget_exhausted,46.339494943618774
K11_RS02,11,11,5,A,1683375127,false,false,,0.008299607997360887,145,budget_exhausted,19.47805118560791
K11_RS02,11,11,5,A,893706906,false,false,,0.010832662541278298,771,budget_exhausted,41.68132710456848
K13_RS00,13,,6,A,128182595,false,false,,0.045658693813491635,1,budget_exhausted,0.6141149997711182
K13_RS00,13,,6,A,1845143962,false,false,,0.045658693813491635,1,budget_exhausted,0.646899938583374
K13_RS00,13,,6,A,1683375127,false,false,,0.045658693813491635,1,budget_exhausted,0.6204562187194824
K13_RS00,13,,6,A,893706906,false,false,,0.045658693813491635,1,budget_exhausted,0.6477909088134766
K13_RS00,13,,6,A,1753007184,false,false,,0.045658693813491635,1,budget_exhausted,0.622157096862793
K13_RS00,13,,6,A,2107424273,false,false,,0.045658693813491635,1,budget_exhausted,0.6183640956878662
K13_RS00,13,,6,A,418825361,false,false,,0.045658693813491635,1,budget_exhausted,0.5994219779968262
K13_RS00,13,,6,A,215858185,false,false,,0.045658693813491635,1,budget_exhausted,0.6296288967132568
K13_RS00,13,,6,A,449904892,false,false,,0.045658693813491635,1,budget_exhausted,0.6399810314178467
K13_RS00,13,,6,A,1667643188,false,false,,0.045658693813491635,1,budget_exhausted,0.6076581478118896
K13_RS00,13,,6,B,128182595,false,false,,0.00019971140870888064,101,budget_exhausted,7.951061010360718
K13_RS00,13,,6,B,1845143962,false,false,,0.00018428389898195594,61,budget_exhausted,6.269731760025024
K11_RS04,11,11,5,B,418825361,false,false,,0.004589633204910792,79,budget_exhausted,7.9848737716674805
K11_RS04,11,11,5,B,215858185,false,false,,0.029699789552607443,97,budget_exhausted,9.135612964630127
K11_RS04,11,11,5,B,449904892,false,false,,0.0774972334973377,131,budget_exhausted,11.43351697921753
K11_RS04,11,11,5,B,1667643188,false,false,,0.0013594821776629973,101,budget_exhausted,10.975687980651855
K13_RS00,13,,6,B,1683375127,false,false,,0.011146314157861041,29,budget_exhausted,4.427856922149658
K13_RS00,13,,6,B,893706906,false,false,,4.163699587856685e-06,73,budget_exhausted,8.087338924407959
K13_RS00,13,,6,B,1753007184,false,false,,0.0014184236920092152,115,budget_exhausted,8.233695983886719
K13_RS00,13,,6,B,2107424273,false,false,,0.00011123715030234565,45,budget_exhausted,5.494521141052246
K11_RS02,11,11,5,A,1753007184,false,false,,0.02657481657374277,461,budget_exhausted,77.3874819278717
K11_RS02,11,11,5,A,2107424273,false,false,,3.1297129910056807e-06,15,budget_exhausted,6.164849758148193
K11_RS02,11,11,5,A,418825361,false,false,,0.027188023588273363,409,budget_exhausted,49.11818027496338
K11_RS02,11,11,5,A,215858185,false,false,,0.5074555771478745,511,budget_exhausted,24.068944215774536
K13_RS00,13,,6,B,418825361,false,false,,0.045658693813491635,1,budget_exhausted,6.754908084869385
K13_RS00,13,,6,B,215858185,false,false,,5.6968475684487514e-05,53,budget_exhausted,5.663798093795776
K13_RS00,13,,6,B,449904892,false,false,,5.2060469828641405e-05,101,budget_exhausted,10.598387956619263
K13_RS00,13,,6,B,1667643188,false,false,,0.030861207495320873,65,budget_exhausted,6.942841053009033
K11_RS04,11,11,5,A,128182595,false,false,,0.00023430952567060192,855,budget_exhausted,55.86558794975281
K11_RS04,11,11,5,A,1845143962,false,false,,0.0824372533325134,419,budget_exhausted,27.17802119255066
K11_RS04,11,11,5,A,1683375127,false,false,,0.0011274807542848635,851,budget_exhausted,44.541767835617065
K11_RS04,11,11,5,A,893706906,false,false,,0.0013964272024334957,1549,budget_exhausted,70.85177397727966
K11_RS04,11,11,5,A,449904892,false,false,,0.00868548778882711,1811,budget_exhausted,78.58107781410217
K11_RS04,11,11,5,A,1667643188,false,false,,0.0005303095694258466,1503,budget_exhausted,93.54110193252563
K11_RS04,11,11,5,B,128182595,false,false,,0.006467825861008811,83,budget_exhausted,7.660789251327515
K11_RS04,11,11,5,B,1845143962,false,false,,0.013844269756832412,115,budget_exhausted,7.648315906524658
K11_RS04,11,11,5,A,1753007184,false,false,,0.014022541017833675,573,budget_exhausted,40.46900510787964
K11_RS04,11,11,5,A,2107424273,false,false,,0.0007335352813327386,545,budget_exhausted,43.214648723602295
K11_RS04,11,11,5,A,418825361,false,false,,0.011448882266788862,1019,budget_exhausted,76.8391489982605
K11_RS04,11,11,5,A,215858185,false,false,,0.07030672586728587,369,budget_exhausted,55.87365770339966
K13_RS01,13,,6,B,1683375127,false,false,,1.237609350863919,67,budget_exhausted,5.614299774169922
K13_RS01,13,,6,B,893706906,false,false,,0.5949428520322116,79,budget_exhausted,8.385301351547241
K13_RS01,13,,6,B,1753007184,false,false,,0.011808428519115021,137,budget_exhausted,12.8276526927948
K13_RS01,13,,6,B,2107424273,false,false,,0.20030258834351555,163,budget_exhausted,13.64119815826416
K13_RS01,13,,6,B,418825361,false,false,,0.1984005028705747,113,budget_exhausted,10.322114944458008
K13_RS01,13,,6,B,215858185,false,false,,0.17893800609365548,139,budget_exhausted,11.634243726730347
K13_RS01,13,,6,B,449904892,false,false,,0.183426682694997,167,budget_exhausted,14.19995379447937
K13_RS01,13,,6,B,1667643188,false,false,,0.1810160537542228,135,budget_exhausted,13.474953174591064
K13_RS01,13,,6,A,1753007184,false,false,,1.227469882080336,1143,budget_exhausted,56.9506299495697
K13_RS01,13,,6,A,2107424273,false,false,,0.1826916836607754,239,budget_exhausted,36.318922996520996
K13_RS01,13,,6,A,418825361,false,false,,1.3030226011619985,471,budget_exhausted,34.519877910614014
K13_RS01,13,,6,A,215858185,false,false,,1.2350876882006736,889,budget_exhausted,39.81980800628662
K13_RS01,13,,6,A,449904892,false,false,,0.18382279851353167,257,budget_exhausted,54.423542976379395
K13_RS01,13,,6,A,1667643188,false,false,,0.20627189110216582,1187,budget_exhausted,85.5309431552887
K13_RS01,13,,6,B,128182595,false,false,,0.19280261619870098,111,budget_exhausted,9.818161010742188
K13_RS01,13,,6,B,1845143962,false,false,,1.2893194363257803,31,budget_exhausted,3.7258780002593994
K13_RS02,13,,6,B,1683375127,true,true,138,0.0,13,converged,4.53118896484375
K13_RS02,13,,6,B,893706906,false,false,,0.04724676926363021,75,budget_exhausted,8.419871091842651
K13_RS02,13,,6,B,1753007184,false,false,,0.18266754229782917,109,budget_exhausted,10.161114931106567
K13_RS02,13,,6,B,2107424273,false,false,,0.08494604798856668,61,budget_exhausted,6.172360181808472
K13_RS02,13,,6,B,418825361,true,true,75,0.0,13,converged,1.5710041522979736
K13_RS02,13,,6,B,215858185,false,false,,0.4089743140301311,123,budget_exhausted,11.787685871124268
K13_RS02,13,,6,B,449904892,true,true,120,0.0,13,converged,5.2173171043396
K13_RS02,13,,6,B,1667643188,false,false,,0.020646573128887097,95,budget_exhausted,7.801837205886841
K13_RS02,13,,6,A,449904892,false,false,,2.6775678445107633e-05,753,budget_exhausted,44.617741107940674
K13_RS02,13,,6,A,1667643188,true,true,13,0.0,13,converged,0.18498706817626953
K13_RS02,13,,6,B,128182595,false,false,,0.00012625748690500653,49,budget_exhausted,4.668992042541504
K13_RS02,13,,6,B,1845143962,false,false,,0.0021794746282041517,53,budget_exhausted,5.57691216468811
K13_RS01,13,,6,A,128182595,false,false,,0.7147696145415575,1635,budget_exhausted,101.71603083610535
K13_RS01,13,,6,A,1845143962,false,false,,0.28301349401377474,1691,budget_exhausted,75.60311579704285
K13_RS01,13,,6,A,1683375127,false,false,,0.6969481410248813,441,budget_exhausted,20.90939211845398
K13_RS01,13,,6,A,893706906,false,false,,0.18096047529332054,787,budget_exhausted,47.72589588165283
K15_RS00,15,,7,B,1683375127,false,false,,0.2434436416112544,75,budget_exhausted,7.731137037277222
K15_RS00,15,,7,B,893706906,false,false,,0.054501439005389916,75,budget_exhausted,6.882757902145386
K15_RS00,15,,7,B,1753007184,false,false,,0.1540629411555358,69,budget_exhausted,6.729121923446655
K15_RS00,15,,7,B,2107424273,false,false,,35.57823160156275,3,budget_exhausted,9.124147891998291
K15_RS00,15,,7,B,418825361,false,false,,0.4774486983168964,33,budget_exhausted,4.090192794799805
K15_RS00,15,,7,B,215858185,false,false,,27.403968831603564,41,budget_exhausted,4.935578107833862
K15_RS00,15,,7,B,449904892,false,false,,0.045807664419048676,71,budget_exhausted,6.779070854187012
K15_RS00,15,,7,B,1667643188,false,false,,6.414732494053732,79,budget_exhausted,7.949228048324585
K15_RS00,15,,7,A,128182595,false,false,,0.010635606664383545,387,budget_exhausted,4.219454050064087
K15_RS00,15,,7,A,1845143962,false,false,,0.0012862457449025126,639,budget_exhausted,28.378098964691162
K15_RS00,15,,7,A,1683375127,false,false,,0.05792213028855543,1033,budget_exhausted,31.988264083862305
K15_RS00,15,,7,A,893706906,false,false,,1.0542889847665642,1447,budget_exhausted,53.069766998291016
K13_RS02,13,,6,A,1753007184,false,false,,0.03208414495915805,227,budget_exhausted,18.074831247329712
K13_RS02,13,,6,A,2107424273,false,false,,9.535540340050955e-06,383,budget_exhausted,22.306036949157715
K13_RS02,13,,6,A,418825361,false,false,,0.015371579902939332,1217,budget_exhausted,64.24202299118042
K13_RS02,13,,6,A,215858185,false,false,,0.0006495669516100923,859,budget_exhausted,94.4024109840393
K15_RS00,15,,7,A,1753007184,false,false,,19.363475921520134,209,budget_exhausted,24.29081106185913
K15_RS00,15,,7,A,2107424273,false,false,,0.009422097951628216,677,budget_exhausted,55.93538308143616
K15_RS00,15,,7,A,418825361,false,false,,0.0013773251575999602,1343,budget_exhausted,67.4150619506836
K15_RS00,15,,7,A,215858185,false,false,,21.804166948662395,435,budget_exhausted,20.209763288497925
K15_RS00,15,,7,A,449904892,false,false,,27.960694107327765,1005,budget_exhausted,36.5451819896698
K15_RS00,15,,7,A,1667643188,false,false,,0.15409100813073662,1949,budget_exhausted,108.9651050567627
K15_RS00,15,,7,B,128182595,false,false,,0.48766553003867325,81,budget_exhausted,8.025845050811768
K15_RS00,15,,7,B,1845143962,false,false,,12.030895330467295,53,budget_exhausted,5.416484832763672
K15_RS01,15,,7,B,1683375127,false,false,,0.276134159508243,79,budget_exhausted,7.7701921463012695
K15_RS01,15,,7,B,893706906,false,false,,77.80689614863248,51,budget_exhausted,5.205718755722046
K15_RS01,15,,7,B,1753007184,false,false,,2.2281549632384863,49,budget_exhausted,5.488875150680542
K15_RS01,15,,7,B,2107424273,false,false,,0.777090457141819,39,budget_exhausted,5.163726091384888
K15_RS01,15,,7,A,449904892,false,false,,49.83315082185108,201,budget_exhausted,24.951792001724243
K15_RS01,15,,7,A,1667643188,false,false,,0.8021004972986358,299,budget_exhausted,26.496180057525635
K15_RS01,15,,7,B,128182595,false,false,,0.4963879515200228,55,budget_exhausted,6.059077978134155
K15_RS01,15,,7,B,1845143962,false,false,,0.7292212484532301,63,budget_exhausted,6.49996018409729
K15_RS01,15,,7,B,418825361,false,false,,0.06493951880605295,93,budget_exhausted,8.378063917160034
K15_RS01,15,,7,B,215858185,false,false,,1.8488484928519695,55,budget_exhausted,7.342835903167725
K15_RS01,15,,7,B,449904892,false,false,,0.6602496476690022,43,budget_exhausted,4.379851818084717
K15_RS01,15,,7,B,1667643188,false,false,,4.720449104365939,55,budget_exhausted,6.330615043640137
K13_RS02,13,,6,A,128182595,false,false,,0.001687599875416884,1751,budget_exhausted,73.32299900054932
K13_RS02,13,,6,A,1845143962,false,false,,0.001752913097480008,1459,budget_exhausted,65.02434492111206
K13_RS02,13,,6,A,1683375127,false,false,,0.05594672933002142,1479,budget_exhausted,72.77465510368347
K13_RS02,13,,6,A,893706906,false,false,,1.1122090326098981,1727,budget_exhausted,92.4271559715271
K15_RS02,15,,7,B,1683375127,false,false,,0.1438468497354417,65,budget_exhausted,6.02556586265564
K15_RS02,15,,7,B,893706906,false,false,,0.00011402697335540583,89,budget_exhausted,7.935371160507202
K15_RS02,15,,7,B,1753007184,false,false,,0.14334812718237963,57,budget_exhausted,6.179693222045898
K15_RS02,15,,7,B,2107424273,false,false,,0.4079008219813541,141,budget_exhausted,10.57329273223877
K15_RS01,15,,7,A,1753007184,false,false,,0.8021073890200436,67,budget_exhausted,21.858827829360962
K15_RS01,15,,7,A,2107424273,false,false,,0.802101524847398,195,budget_exhausted,35.64502811431885
K15_RS01,15,,7,A,418825361,false,false,,117.13105699965976,471,budget_exhausted,38.00247502326965
K15_RS01,15,,7,A,215858185,false,false,,0.3558281163384536,1279,budget_exhausted,44.139333963394165
K15_RS01,15,,7,A,128182595,false,false,,0.33200482723290353,805,budget_exhausted,26.63619589805603
K15_RS01,15,,7,A,1845143962,false,false,,0.5593551069012568,833,budget_exhausted,34.39086103439331
K15_RS01,15,,7,A,1683375127,false,false,,37.41695075792488,969,budget_exhausted,29.480589151382446
K15_RS01,15,,7,A,893706906,false,false,,0.3587367230572438,961,budget_exhausted,84.59071493148804
K15_RS02,15,,7,A,449904892,false,false,,0.06946659213837658,51,budget_exhausted,4.021137952804565
K15_RS02,15,,7,A,1667643188,false,false,,0.07997306815583555,847,budget_exhausted,54.049113035202026
K15_RS02,15,,7,B,128182595,false,false,,0.1123094616201049,201,budget_exhausted,15.266366958618164
K15_RS02,15,,7,B,1845143962,false,false,,0.8131286393636956,63,budget_exhausted,7.471976280212402
K15_RS02,15,,7,B,418825361,false,false,,0.03960245036057952,73,budget_exhausted,6.883749961853027
K15_RS02,15,,7,B,215858185,false,false,,0.0007892764344614218,125,budget_exhausted,11.93745732307434
K15_RS02,15,,7,B,449904892,false,false,,0.00874547364331451,61,budget_exhausted,6.3948211669921875
K15_RS02,15,,7,B,1667643188,false,false,,0.004556664180254644,77,budget_exhausted,5.9893670082092285
K19_RS00,19,,9,B,1683375127,false,false,,0.004942827711298823,115,budget_exhausted,11.167387962341309
K19_RS00,19,,9,B,893706906,false,false,,0.00434780569207985,71,budget_exhausted,6.91052508354187
K19_RS00,19,,9,B,1753007184,false,false,,0.014344261887331781,83,budget_exhausted,9.547094106674194
K19_RS00,19,,9,B,2107424273,false,false,,0.013265643466785345,133,budget_exhausted,10.528552770614624
K19_RS00,19,,9,B,418825361,false,false,,0.004222217964280968,77,budget_exhausted,14.193314790725708
K19_RS00,19,,9,B,215858185,false,false,,0.03445314384184248,131,budget_exhausted,11.682250022888184
K19_RS00,19,,9,B,449904892,false,false,,0.006846925965857784,135,budget_exhausted,12.308964014053345
K19_RS00,19,,9,B,1667643188,false,false,,0.00984794981958111,59,budget_exhausted,6.355355978012085
K15_RS02,15,,7,A,128182595,false,false,,0.3166858183938226,559,budget_exhausted,23.030311107635498
K15_RS02,15,,7,A,1845143962,false,false,,0.0006349874140023491,617,budget_exhausted,36.79698896408081
K15_RS02,15,,7,A,1683375127,false,false,,0.19796056745003857,857,budget_exhausted,93.14051604270935
K15_RS02,15,,7,A,893706906,false,false,,8.912480288181923e-06,325,budget_exhausted,23.41641592979431
K19_RS00,19,,9,A,449904892,false,false,,0.0020479676531185613,347,budget_exhausted,26.589940786361694
K19_RS00,19,,9,A,1667643188,false,false,,0.01442787930970769,1075,budget_exhausted,47.421494007110596
K19_RS00,19,,9,B,128182595,false,false,,0.0035510583098002074,147,budget_exhausted,14.909611940383911
K19_RS00,19,,9,B,1845143962,false,false,,0.014489983274642597,61,budget_exhausted,6.467433929443359
K19_RS00,19,,9,A,1753007184,false,false,,0.0015006626288301423,515,budget_exhausted,20.701846837997437
K19_RS00,19,,9,A,2107424273,false,false,,0.0032188006125702493,823,budget_exhausted,33.22871804237366
K19_RS00,19,,9,A,418825361,false,false,,0.08659801340166179,775,budget_exhausted,30.080782890319824
K19_RS00,19,,9,A,215858185,false,false,,0.011556476946143934,957,budget_exhausted,30.403460264205933
K15_RS02,15,,7,A,1753007184,false,false,,0.05797539688970562,417,budget_exhausted,43.09310793876648
K15_RS02,15,,7,A,2107424273,false,false,,0.0720110976441106,1327,budget_exhausted,83.55602693557739
K15_RS02,15,,7,A,418825361,false,false,,0.03520636660518313,1575,budget_exhausted,68.37068796157837
K15_RS02,15,,7,A,215858185,false,false,,0.11936295028432764,735,budget_exhausted,22.5262451171875
K19_RS00,19,,9,A,128182595,false,false,,0.0008793628361638212,527,budget_exhausted,43.885843992233276
K19_RS00,19,,9,A,1845143962,false,false,,0.0022101309556529034,733,budget_exhausted,28.246933937072754
K19_RS00,19,,9,A,1683375127,false,false,,0.014481920873729633,725,budget_exhausted,64.55518293380737
K19_RS00,19,,9,A,893706906,false,false,,0.005008452007458071,231,budget_exhausted,22.011800050735474
K19_RS01,19,,9,B,1683375127,false,false,,0.00010790307463775899,85,budget_exhausted,9.345154047012329
K19_RS01,19,,9,B,893706906,false,false,,0.006738681560915167,49,budget_exhausted,5.3225109577178955
K19_RS01,19,,9,B,1753007184,false,false,,0.01714797446016912,149,budget_exhausted,11.679399728775024
K19_RS01,19,,9,B,2107424273,false,false,,0.011646475933781554,121,budget_exhausted,11.808580160140991
K19_RS01,19,,9,A,449904892,false,false,,0.00019664083460778944,631,budget_exhausted,26.478971242904663
K19_RS01,19,,9,A,1667643188,false,false,,0.00021055946620080932,353,budget_exhausted,16.75148582458496
K19_RS01,19,,9,B,128182595,false,false,,0.053804928635822626,109,budget_exhausted,9.7045259475708
K19_RS01,19,,9,B,1845143962,false,false,,0.00017715558228143796,81,budget_exhausted,7.715911865234375
K19_RS01,19,,9,B,418825361,false,false,,0.12501189710277869,59,budget_exhausted,7.790809869766235
K19_RS01,19,,9,B,215858185,false,false,,0.03802007203586625,139,budget_exhausted,12.953395128250122
K19_RS01,19,,9,B,449904892,false,false,,0.013764375689147105,127,budget_exhausted,11.210975885391235
K19_RS01,19,,9,B,1667643188,false,false,,0.0013730207400199119,55,budget_exhausted,6.325664758682251
K19_RS01,19,,9,A,128182595,false,false,,0.0009359308295209522,339,budget_exhausted,23.401883840560913
K19_RS01,19,,9,A,1845143962,false,false,,0.009021717346724143,283,budget_exhausted,33.1681227684021
K19_RS01,19,,9,A,1683375127,false,false,,0.03462406905198126,55,budget_exhausted,15.106132984161377
K19_RS01,19,,9,A,893706906,false,false,,0.11699248122978953,145,budget_exhausted,19.50742816925049
K19_RS02,19,,9,B,1683375127,false,false,,0.2480661263249801,63,budget_exhausted,7.302724838256836
K19_RS02,19,,9,B,893706906,false,false,,0.8925892570966758,39,budget_exhausted,4.44087290763855
K19_RS02,19,,9,B,1753007184,false,false,,0.2640011262739888,73,budget_exhausted,9.584295988082886
K19_RS02,19,,9,B,2107424273,false,false,,5.3879475009060274e-05,41,budget_exhausted,4.979298114776611
K19_RS02,19,,9,B,418825361,false,false,,0.012168376173642963,39,budget_exhausted,4.561907052993774
K19_RS02,19,,9,B,215858185,false,false,,0.0005382382392707845,113,budget_exhausted,10.594979763031006
K19_RS02,19,,9,B,449904892,false,false,,0.06423385436662442,49,budget_exhausted,7.4600419998168945
K19_RS02,19,,9,B,1667643188,false,false,,0.03278569421815246,91,budget_exhausted,8.758149147033691
K19_RS01,19,,9,A,1753007184,false,false,,0.00018022272264704535,1033,budget_exhausted,67.56137228012085
K19_RS01,19,,9,A,2107424273,false,false,,0.0009093656411489969,239,budget_exhausted,21.67304491996765
K19_RS01,19,,9,A,418825361,false,false,,0.011559350035189637,1057,budget_exhausted,61.62089133262634
K19_RS01,19,,9,A,215858185,false,false,,0.037740278186846714,1297,budget_exhausted,36.44453406333923
K19_RS02,19,,9,A,449904892,false,false,,0.0016768096616369237,539,budget_exhausted,39.4732449054718
K19_RS02,19,,9,A,1667643188,false,false,,0.018719790424847022,1759,budget_exhausted,69.09922313690186
K19_RS02,19,,9,B,128182595,false,false,,0.16239113088174617,69,budget_exhausted,9.009942054748535
K19_RS02,19,,9,B,1845143962,false,false,,0.22190782022961036,87,budget_exhausted,9.171804904937744
K19_RS03,19,,9,A,128182595,false,false,,0.01137212136490652,633,budget_exhausted,25.16281795501709
K19_RS03,19,,9,A,1845143962,false,false,,0.037385272126796036,481,budget_exhausted,19.021273851394653
K19_RS03,19,,9,A,1683375127,false,false,,0.003299728032349749,511,budget_exhausted,22.384622812271118
K19_RS03,19,,9,A,893706906,false,false,,0.038759117015660746,307,budget_exhausted,23.232218742370605
K19_RS03,19,,9,B,1683375127,false,false,,0.03377327658691379,89,budget_exhausted,8.431172132492065
K19_RS03,19,,9,B,893706906,false,false,,0.0375459785651595,117,budget_exhausted,10.060625076293945
K19_RS03,19,,9,B,1753007184,false,false,,0.044406691523578554,103,budget_exhausted,10.814209938049316
K19_RS03,19,,9,B,2107424273,false,false,,0.001865206474835533,111,budget_exhausted,10.557057857513428
K19_RS03,19,,9,B,418825361,false,false,,0.04189736953901645,127,budget_exhausted,10.58526611328125
K19_RS03,19,,9,B,215858185,false,false,,0.33249456620828516,101,budget_exhausted,9.394663095474243
K19_RS03,19,,9,B,449904892,false,false,,0.0735206038375833,131,budget_exhausted,11.917334079742432
K19_RS03,19,,9,B,1667643188,false,false,,0.0007359513066297752,75,budget_exhausted,7.655984163284302
K19_RS02,19,,9,A,128182595,false,false,,0.07854154929508396,1881,budget_exhausted,112.48987603187561
K19_RS02,19,,9,A,1845143962,false,false,,0.2457443975277325,575,budget_exhausted,31.46159529685974
K19_RS02,19,,9,A,1683375127,false,false,,0.4790409658574183,491,budget_exhausted,34.73397088050842
K19_RS02,19,,9,A,893706906,false,false,,0.17530486081121124,555,budget_exhausted,37.67445731163025
K19_RS02,19,,9,A,1753007184,false,false,,0.0011543486671362546,673,budget_exhausted,60.421671867370605
K19_RS02,19,,9,A,2107424273,false,false,,0.0012338939818021823,541,budget_exhausted,23.634991884231567
K19_RS02,19,,9,A,418825361,false,false,,0.04792198779082454,305,budget_exhausted,28.51603388786316
K19_RS02,19,,9,A,215858185,false,false,,0.004933037616824052,1699,budget_exhausted,103.35563111305237
K19_RS03,19,,9,A,449904892,false,false,,0.046154164386953835,187,budget_exhausted,37.81990194320679
K19_RS03,19,,9,A,1667643188,false,false,,0.018225547194060582,1527,budget_exhausted,44.11738395690918
K19_RS03,19,,9,B,128182595,false,false,,0.010981464399478877,155,budget_exhausted,13.666848182678223
K19_RS03,19,,9,B,1845143962,false,false,,0.040098684432091754,87,budget_exhausted,7.860042095184326
K19_RS03,19,,9,A,1753007184,false,false,,0.04591161053474333,1847,budget_exhausted,97.25705409049988
K19_RS03,19,,9,A,2107424273,false,false,,0.006325588501892758,199,budget_exhausted,13.678814888000488
K19_RS03,19,,9,A,418825361,false,false,,0.03700761229882532,1449,budget_exhausted,53.411197900772095
K19_RS03,19,,9,A,215858185,false,false,,0.03269617716865864,227,budget_exhausted,14.3643798828125
K21_RS00,21,,10,B,1683375127,false,false,,0.00241562633690443,69,budget_exhausted,6.06821084022522
K21_RS00,21,,10,B,893706906,false,false,,0.10028294276220673,77,budget_exhausted,8.036143779754639
K21_RS00,21,,10,B,1753007184,false,false,,0.0003892812924642893,63,budget_exhausted,7.543241262435913
K21_RS00,21,,10,B,2107424273,false,false,,0.01260019971250337,71,budget_exhausted,6.777231216430664
K21_RS00,21,,10,B,418825361,false,false,,0.14243415924786562,69,budget_exhausted,7.69227409362793
K21_RS00,21,,10,B,215858185,false,false,,0.007603052666985934,103,budget_exhausted,9.218544960021973
K21_RS00,21,,10,B,449904892,false,false,,0.010882963632558921,77,budget_exhausted,7.061929941177368
K21_RS00,21,,10,B,1667643188,false,false,,0.03229448578222971,67,budget_exhausted,6.8539719581604
K21_RS00,21,,10,A,128182595,false,false,,0.005327121637288434,1791,budget_exhausted,79.06760907173157
K21_RS00,21,,10,A,1845143962,false,false,,0.01890832160402623,487,budget_exhausted,37.2268168926239
K21_RS00,21,,10,A,1683375127,false,false,,0.27504793297227764,935,budget_exhausted,34.236533880233765
K21_RS00,21,,10,A,893706906,false,false,,0.003147402670461392,541,budget_exhausted,21.816871881484985
K21_RS00,21,,10,A,449904892,false,false,,0.001237443457658973,1783,budget_exhausted,73.1641640663147
K21_RS00,21,,10,A,1667643188,false,false,,0.26582806053288127,593,budget_exhausted,71.98572325706482
K21_RS00,21,,10,B,128182595,false,false,,0.2755906544449298,25,budget_exhausted,3.528269052505493
K21_RS00,21,,10,B,1845143962,false,false,,0.004392886230048861,75,budget_exhausted,7.51689076423645
K21_RS01,21,,10,B,1683375127,false,false,,0.20657127708600925,69,budget_exhausted,8.262722969055176
K21_RS01,21,,10,B,893706906,false,false,,0.40662398845820646,75,budget_exhausted,7.984210014343262
K21_RS01,21,,10,B,1753007184,false,false,,0.3031958911326486,79,budget_exhausted,7.240016937255859
K21_RS01,21,,10,B,2107424273,false,false,,0.18738434231640044,71,budget_exhausted,7.592968225479126
K21_RS01,21,,10,A,1753007184,false,false,,1.5901613885688433e-05,143,budget_exhausted,17.18367600440979
K21_RS01,21,,10,A,2107424273,false,false,,0.8854084958420884,529,budget_exhausted,33.15776491165161
K21_RS01,21,,10,A,418825361,false,false,,0.13062812221831394,339,budget_exhausted,20.808418035507202
K21_RS01,21,,10,A,215858185,false,false,,0.0652565095310696,1933,budget_exhausted,67.0013906955719
K21_RS01,21,,10,B,418825361,false,false,,0.11828142997353892,107,budget_exhausted,8.564000844955444
K21_RS01,21,,10,B,215858185,false,false,,0.003479635632322412,105,budget_exhausted,10.267544746398926
K21_RS01,21,,10,B,449904892,false,false,,0.002004080839831825,13,budget_exhausted,5.649282932281494
K21_RS01,21,,10,B,1667643188,false,false,,0.1117056910816507,77,budget_exhausted,7.415610074996948
K21_RS01,21,,10,A,449904892,false,false,,0.005494668401405579,1337,budget_exhausted,71.60561800003052
K21_RS01,21,,10,A,1667643188,false,false,,0.09967545993072961,865,budget_exhausted,43.87374520301819
K21_RS01,21,,10,B,128182595,false,false,,1.597061463425009,137,budget_exhausted,12.720921039581299
K21_RS01,21,,10,B,1845143962,false,false,,1.8080815271716055,129,budget_exhausted,9.212038040161133
K21_RS01,21,,10,A,128182595,false,false,,0.10541095498596166,525,budget_exhausted,19.22688388824463
K21_RS01,21,,10,A,1845143962,false,false,,0.01794408355865423,647,budget_exhausted,51.187071084976196
K21_RS01,21,,10,A,1683375127,false,false,,0.12542164853879859,521,budget_exhausted,38.34674310684204
K21_RS01,21,,10,A,893706906,false,false,,0.8554577904572417,1879,budget_exhausted,72.81255793571472
K21_RS02,21,,10,B,1683375127,false,false,,0.21548639412834583,47,budget_exhausted,5.115241050720215
K21_RS02,21,,10,B,893706906,false,false,,0.05688516484700295,43,budget_exhausted,5.348711013793945
K21_RS02,21,,10,B,1753007184,false,false,,0.5542803912035174,43,budget_exhausted,4.729116916656494
K21_RS02,21,,10,B,2107424273,false,false,,0.028661415455236545,85,budget_exhausted,7.156330108642578
K21_RS02,21,,10,B,418825361,false,false,,0.06667497872057614,57,budget_exhausted,5.269536018371582
K21_RS02,21,,10,B,215858185,false,false,,0.8144359852057196,79,budget_exhausted,8.395272970199585
K21_RS02,21,,10,B,449904892,false,false,,0.06952211514887156,69,budget_exhausted,6.759753942489624
K21_RS02,21,,10,B,1667643188,false,false,,0.06957929269288385,61,budget_exhausted,5.958615779876709
K21_RS00,21,,10,A,1753007184,false,false,,0.010299557908722801,1369,budget_exhausted,87.67288398742676
K21_RS00,21,,10,A,2107424273,false,false,,0.012980865925438333,1597,budget_exhausted,68.64477396011353
K21_RS00,21,,10,A,418825361,false,false,,0.0067474232267013615,1103,budget_exhausted,89.76111793518066
K21_RS00,21,,10,A,215858185,false,false,,3.4809005424092095e-05,369,budget_exhausted,27.252930879592896
K21_RS02,21,,10,A,1753007184,false,false,,0.24758972814744112,1427,budget_exhausted,44.36084294319153
K21_RS02,21,,10,A,2107424273,false,false,,0.004633395822170899,855,budget_exhausted,23.488062858581543
K21_RS02,21,,10,A,418825361,false,false,,0.006916812605907016,347,budget_exhausted,17.71688199043274
K21_RS02,21,,10,A,215858185,false,false,,0.04427702248425767,1579,budget_exhausted,58.78313612937927
K21_RS02,21,,10,A,449904892,false,false,,0.0024749857102697283,901,budget_exhausted,49.72137093544006
K21_RS02,21,,10,A,1667643188,false,false,,0.027920993951849844,1783,budget_exhausted,91.52220177650452
K21_RS02,21,,10,B,128182595,false,false,,0.10523824316048429,57,budget_exhausted,5.954873085021973
K21_RS02,21,,10,B,1845143962,false,false,,0.10071486058759484,77,budget_exhausted,7.334917783737183
K21_RS03,21,,10,B,1683375127,false,false,,0.009783346757555305,93,budget_exhausted,9.068265914916992
K21_RS03,21,,10,B,893706906,false,false,,0.011295395682919944,103,budget_exhausted,8.735062837600708
K21_RS03,21,,10,B,1753007184,false,false,,0.04121709651735669,87,budget_exhausted,10.695550918579102
K21_RS03,21,,10,B,2107424273,false,false,,0.036423703555244095,49,budget_exhausted,5.745038032531738
K21_RS03,21,,10,B,418825361,false,false,,0.020382206742363594,67,budget_exhausted,6.991409778594971
K21_RS03,21,,10,B,215858185,false,false,,0.016033115619396517,69,budget_exhausted,7.941819906234741
K21_RS03,21,,10,B,449904892,false,false,,0.06343869264737866,95,budget_exhausted,8.128696203231812
K21_RS03,21,,10,B,1667643188,false,false,,0.01190342517179049,81,budget_exhausted,7.283255100250244
K21_RS03,21,,10,A,449904892,false,false,,0.011899304922834312,1247,budget_exhausted,90.39110279083252
K21_RS03,21,,10,A,1667643188,false,false,,0.1669047633674674,1497,budget_exhausted,69.2409279346466
K21_RS03,21,,10,B,128182595,false,false,,0.006284907145776679,77,budget_exhausted,5.867280006408691
K21_RS03,21,,10,B,1845143962,false,false,,0.01676186019981465,85,budget_exhausted,8.095155954360962
K21_RS03,21,,10,A,1753007184,false,false,,0.010769771362317056,867,budget_exhausted,63.30925178527832
K21_RS03,21,,10,A,2107424273,false,false,,0.00046252090376788297,1643,budget_exhausted,41.08013105392456
K21_RS03,21,,10,A,418825361,false,false,,0.17854058911922005,607,budget_exhausted,68.21009993553162
K21_RS03,21,,10,A,215858185,false,false,,0.14387758400551637,425,budget_exhausted,26.91512703895569
K21_RS02,21,,10,A,128182595,false,false,,0.05030867859659265,1497,budget_exhausted,99.35433602333069
K21_RS02,21,,10,A,1845143962,false,false,,0.0810028299691236,1529,budget_exhausted,88.14723324775696
K21_RS02,21,,10,A,1683375127,false,false,,0.011374725780839482,655,budget_exhausted,49.17453694343567
K21_RS02,21,,10,A,893706906,false,false,,0.06780278056612807,267,budget_exhausted,40.791024923324585
K21_RS04,21,,10,B,1683375127,false,false,,0.07255927078032788,113,budget_exhausted,10.80053186416626
K21_RS04,21,,10,B,893706906,false,false,,0.030534665467857394,101,budget_exhausted,10.08254098892212
K21_RS04,21,,10,B,1753007184,false,false,,0.213803662114434,117,budget_exhausted,9.64235806465149
K21_RS04,21,,10,B,2107424273,false,false,,0.0012202669383774396,135,budget_exhausted,10.789566040039062
K21_RS04,21,,10,A,449904892,false,false,,0.06719139733574911,461,budget_exhausted,33.63694477081299
K21_RS04,21,,10,A,1667643188,false,false,,0.5227449635903039,307,budget_exhausted,21.273741245269775
K21_RS04,21,,10,B,128182595,false,false,,0.012764410575692607,113,budget_exhausted,9.14444899559021
K21_RS04,21,,10,B,1845143962,false,false,,0.0003409877742592839,131,budget_exhausted,12.229353189468384
K21_RS04,21,,10,B,418825361,false,false,,0.0014571095896698482,149,budget_exhausted,13.469332933425903
K21_RS04,21,,10,B,215858185,false,false,,1.3375214003832999e-05,199,budget_exhausted,15.01518702507019
K21_RS04,21,,10,B,449904892,false,false,,0.011042055393273974,129,budget_exhausted,11.059309959411621
K21_RS04,21,,10,B,1667643188,false,false,,0.0007563717392693303,75,budget_exhausted,8.003171682357788
K21_RS04,21,,10,A,1753007184,false,false,,0.36132441478856064,993,budget_exhausted,33.58374094963074
K21_RS04,21,,10,A,2107424273,false,false,,0.0021039664001165997,257,budget_exhausted,21.458663940429688
K21_RS04,21,,10,A,418825361,false,false,,0.1369855179689177,885,budget_exhausted,49.36173629760742
K21_RS04,21,,10,A,215858185,false,false,,0.1985307613037478,535,budget_exhausted,24.205582857131958
K21_RS04,21,,10,A,128182595,false,false,,0.0020058383248795415,1693,budget_exhausted,103.11702299118042
K21_RS04,21,,10,A,1845143962,false,false,,0.026813254227184627,125,budget_exhausted,13.867362976074219
K21_RS04,21,,10,A,1683375127,false,false,,0.0050620783898127,305,budget_exhausted,18.172333002090454
K21_RS04,21,,10,A,893706906,false,false,,0.0020302427999382105,181,budget_exhausted,20.48043394088745
K21_RS03,21,,10,A,128182595,false,false,,0.026518032616195578,505,budget_exhausted,90.11788177490234
K21_RS03,21,,10,A,1845143962,false,false,,0.01116432320307228,723,budget_exhausted,31.28731417655945
K21_RS03,21,,10,A,1683375127,false,false,,0.15784823535733772,1985,budget_exhausted,98.57935309410095
K21_RS03,21,,10,A,893706906,false,false,,0.0023065316803253084,1145,budget_exhausted,94.37462091445923
K21_RS05,21,,10,B,1683375127,false,false,,0.10638192535135467,85,budget_exhausted,8.696099996566772
K21_RS05,21,,10,B,893706906,false,false,,0.07783396313810899,99,budget_exhausted,9.94848895072937
K21_RS05,21,,10,B,1753007184,false,false,,0.19609715631515137,69,budget_exhausted,7.1423869132995605
K21_RS05,21,,10,B,2107424273,false,false,,0.3442947862121828,9,budget_exhausted,6.082435131072998
K21_RS05,21,,10,B,418825361,false,false,,0.1885283944777735,41,budget_exhausted,5.6949381828308105
K21_RS05,21,,10,B,215858185,false,false,,0.12325348294044189,33,budget_exhausted,6.021798133850098
K21_RS05,21,,10,B,449904892,false,false,,0.17767708413108305,71,budget_exhausted,5.795464038848877
K21_RS05,21,,10,B,1667643188,false,false,,0.12016714874722771,79,budget_exhausted,7.981045961380005
K23_RS00,23,,11,A,449904892,false,false,,0.007262420375501142,857,budget_exhausted,70.08823800086975
K23_RS00,23,,11,A,1667643188,false,false,,0.07580221137818943,295,budget_exhausted,14.679831981658936
K23_RS00,23,,11,B,128182595,false,false,,0.0025755992002215343,79,budget_exhausted,8.12185001373291
K23_RS00,23,,11,B,1845143962,false,false,,0.03310642095686421,71,budget_exhausted,6.467280864715576
K21_RS05,21,,10,A,449904892,false,false,,0.052597344648894165,151,budget_exhausted,84.27545189857483
K21_RS05,21,,10,A,1667643188,false,false,,0.10011680039331437,161,budget_exhausted,51.45036602020264
K21_RS05,21,,10,B,128182595,false,false,,0.11178063268447277,73,budget_exhausted,7.079102993011475
K21_RS05,21,,10,B,1845143962,false,false,,0.04147954607693936,75,budget_exhausted,7.493391036987305
K21_RS05,21,,10,A,1753007184,false,false,,0.07972552386471488,883,budget_exhausted,51.97838592529297
K21_RS05,21,,10,A,2107424273,false,false,,0.4468148377499404,505,budget_exhausted,25.847521781921387
K21_RS05,21,,10,A,418825361,false,false,,0.05682599950979932,1273,budget_exhausted,46.21270680427551
K21_RS05,21,,10,A,215858185,false,false,,0.4181830255347496,971,budget_exhausted,53.569857120513916
K23_RS00,23,,11,B,1683375127,false,false,,0.052516782646758256,137,budget_exhausted,11.370187044143677
K23_RS00,23,,11,B,893706906,false,false,,0.06206133705872457,89,budget_exhausted,9.118380069732666
K23_RS00,23,,11,B,1753007184,false,false,,0.01648235124780913,117,budget_exhausted,10.502050161361694
K23_RS00,23,,11,B,2107424273,false,false,,0.04223271809842369,131,budget_exhausted,14.920411825180054
K23_RS00,23,,11,B,418825361,false,false,,0.01166481875496587,83,budget_exhausted,8.040888786315918
K23_RS00,23,,11,B,215858185,false,false,,0.028419858026665704,109,budget_exhausted,9.603074073791504
K23_RS00,23,,11,B,449904892,false,false,,0.01572767490796473,117,budget_exhausted,10.187972068786621
K23_RS00,23,,11,B,1667643188,false,false,,0.07448908244592556,99,budget_exhausted,9.493836164474487
K23_RS00,23,,11,A,1753007184,false,false,,0.03254758743534902,515,budget_exhausted,25.383037090301514
K23_RS00,23,,11,A,2107424273,false,false,,0.013302535603645249,707,budget_exhausted,49.777491092681885
K23_RS00,23,,11,A,418825361,false,false,,0.06766593189792654,439,budget_exhausted,26.73548722267151
K23_RS00,23,,11,A,215858185,false,false,,0.29355802086754307,1897,budget_exhausted,51.446396827697754
K23_RS01,23,,11,B,1683375127,false,false,,0.03525090516026173,121,budget_exhausted,10.834561109542847
K23_RS01,23,,11,B,893706906,false,false,,0.00045954851998772524,91,budget_exhausted,8.443732023239136
K23_RS01,23,,11,B,1753007184,false,false,,0.04769306281252296,127,budget_exhausted,12.373262882232666
K23_RS01,23,,11,B,2107424273,false,false,,0.07010968531187556,87,budget_exhausted,7.411546230316162
K23_RS00,23,,11,A,128182595,false,false,,0.3781322870075872,433,budget_exhausted,40.14284634590149
K23_RS00,23,,11,A,1845143962,false,false,,0.12713293281051188,593,budget_exhausted,65.87790584564209
K23_RS00,23,,11,A,1683375127,false,false,,0.04314450552427575,619,budget_exhausted,33.75111508369446
K23_RS00,23,,11,A,893706906,false,false,,0.49546680348096483,81,budget_exhausted,71.1169159412384
K21_RS05,21,,10,A,128182595,false,false,,0.11055100624349119,929,budget_exhausted,74.84125113487244
K21_RS05,21,,10,A,1845143962,false,false,,0.021483423934941414,745,budget_exhausted,47.268627882003784
K21_RS05,21,,10,A,1683375127,false,false,,0.14973633787400992,1257,budget_exhausted,57.040570974349976
K21_RS05,21,,10,A,893706906,false,false,,0.11187807366946746,1763,budget_exhausted,92.27055215835571
K23_RS01,23,,11,A,1753007184,false,false,,0.038825268600933154,157,budget_exhausted,12.71704387664795
K23_RS01,23,,11,A,2107424273,false,false,,0.043135006625546826,263,budget_exhausted,29.067009925842285
K23_RS01,23,,11,A,418825361,false,false,,0.011117415379606685,303,budget_exhausted,19.07323908805847
K23_RS01,23,,11,A,215858185,false,false,,0.10800330063492397,421,budget_exhausted,12.104235172271729
K23_RS01,23,,11,B,418825361,false,false,,0.06394873356706081,71,budget_exhausted,7.018054246902466
K23_RS01,23,,11,B,215858185,false,false,,1.3103495787181618e-05,67,budget_exhausted,7.11155104637146
K23_RS01,23,,11,B,449904892,false,false,,0.05748651115275877,117,budget_exhausted,13.369262933731079
K23_RS01,23,,11,B,1667643188,false,false,,0.08250357980026646,97,budget_exhausted,10.012708187103271
K23_RS02,23,,11,B,1683375127,false,false,,0.2815719449954769,81,budget_exhausted,8.130435943603516
K23_RS02,23,,11,B,893706906,false,false,,0.055930176229374635,55,budget_exhausted,6.434821844100952
K23_RS02,23,,11,B,1753007184,false,false,,0.2868273692133683,59,budget_exhausted,6.276844024658203
K23_RS02,23,,11,B,2107424273,false,false,,0.021471313195709444,67,budget_exhausted,7.15302586555481
K23_RS01,23,,11,A,128182595,false,false,,5.506640543111765e-05,271,budget_exhausted,19.48849606513977
K23_RS01,23,,11,A,1845143962,false,false,,0.011124297031467558,959,budget_exhausted,57.14645600318909
K23_RS01,23,,11,A,1683375127,false,false,,0.0027860087077394035,1361,budget_exhausted,39.03833484649658
K23_RS01,23,,11,A,893706906,false,false,,0.15572656270001142,723,budget_exhausted,17.02547597885132
K23_RS01,23,,11,A,449904892,false,false,,0.003182431013095528,1267,budget_exhausted,53.09652400016785
K23_RS01,23,,11,A,1667643188,false,false,,0.044442070750659375,1139,budget_exhausted,59.02551794052124
K23_RS01,23,,11,B,128182595,false,false,,0.027313385771991758,139,budget_exhausted,9.204211950302124
K23_RS01,23,,11,B,1845143962,false,false,,0.0923498202713126,69,budget_exhausted,7.203582286834717
K23_RS02,23,,11,B,418825361,false,false,,0.43975717884152377,73,budget_exhausted,7.854809761047363
K23_RS02,23,,11,B,215858185,false,false,,0.014593801081060164,107,budget_exhausted,9.7620210647583
K23_RS02,23,,11,B,449904892,false,false,,0.08461287067682141,95,budget_exhausted,8.19298791885376
K23_RS02,23,,11,B,1667643188,false,false,,0.02006824157380323,49,budget_exhausted,5.9964118003845215
K23_RS02,23,,11,A,449904892,false,false,,0.08958997192535978,1173,budget_exhausted,56.08849573135376
K23_RS02,23,,11,A,1667643188,false,false,,0.06289353208655803,517,budget_exhausted,19.641886949539185
K23_RS02,23,,11,B,128182595,false,false,,0.018183930794342915,119,budget_exhausted,9.867918968200684
K23_RS02,23,,11,B,1845143962,false,false,,0.0011779576643120239,37,budget_exhausted,5.6704230308532715
K23_RS03,23,,11,B,1683375127,false,false,,0.0673044752879141,89,budget_exhausted,8.23052191734314
K23_RS03,23,,11,B,893706906,false,false,,0.1638081919486308,113,budget_exhausted,9.864563941955566
K23_RS03,23,,11,B,1753007184,false,false,,0.13143099238641529,73,budget_exhausted,8.756903886795044
K23_RS03,23,,11,B,2107424273,false,false,,0.027190127653687873,69,budget_exhausted,6.90971302986145
K23_RS03,23,,11,A,449904892,false,false,,0.002294633915354349,597,budget_exhausted,36.2673773765564
K23_RS03,23,,11,A,1667643188,false,false,,0.19493458343809875,153,budget_exhausted,26.47809672355652
K23_RS03,23,,11,B,128182595,false,false,,0.28451605394127394,71,budget_exhausted,9.276834726333618
K23_RS03,23,,11,B,1845143962,false,false,,0.006622862583089226,89,budget_exhausted,8.125105857849121
K25_RS00,25,,12,A,128182595,false,false,,0.8500683447411935,7,budget_exhausted,1.1819121837615967
K25_RS00,25,,12,A,1845143962,false,false,,0.8500683447411935,7,budget_exhausted,1.2155001163482666
K25_RS00,25,,12,A,1683375127,false,false,,0.8500683447411935,7,budget_exhausted,1.1836512088775635
K25_RS00,25,,12,A,893706906,false,false,,0.8500683447411935,7,budget_exhausted,1.2864570617675781
K25_RS00,25,,12,A,1753007184,false,false,,0.8500683447411935,7,budget_exhausted,1.1951088905334473
K25_RS00,25,,12,A,2107424273,false,false,,0.8500683447411935,7,budget_exhausted,1.203963041305542
K25_RS00,25,,12,A,418825361,false,false,,0.8500683447411935,7,budget_exhausted,1.2087090015411377
K25_RS00,25,,12,A,215858185,false,false,,0.8500683447411935,7,budget_exhausted,1.2563388347625732
K23_RS03,23,,11,B,418825361,false,false,,0.021010101443294363,33,budget_exhausted,4.1873979568481445
K23_RS03,23,,11,B,215858185,false,false,,0.0011582599476152708,145,budget_exhausted,10.780963897705078
K23_RS03,23,,11,B,449904892,false,false,,0.022695105267341715,85,budget_exhausted,8.97121524810791
K23_RS03,23,,11,B,1667643188,false,false,,0.011760866914717245,139,budget_exhausted,10.94539189338684
K23_RS02,23,,11,A,128182595,false,false,,0.021251082795913943,1131,budget_exhausted,69.19569683074951
K23_RS02,23,,11,A,1845143962,false,false,,0.16933376033442032,313,budget_exhausted,21.76927089691162
K23_RS02,23,,11,A,1683375127,false,false,,0.006288969582214461,1077,budget_exhausted,38.187132835388184
K23_RS02,23,,11,A,893706906,false,false,,0.0511813600482428,1135,budget_exhausted,60.85399389266968
K25_RS00,25,,12,A,449904892,false,false,,8.437939613451629e-05,435,budget_exhausted,12.31183409690857
K25_RS00,25,,12,A,1667643188,false,false,,0.00016201985851600181,69,budget_exhausted,2.181812047958374
K25_RS00,25,,12,B,128182595,false,false,,0.8500683447411935,7,budget_exhausted,5.082998037338257
K25_RS00,25,,12,B,1845143962,false,false,,0.8500683447411935,7,budget_exhausted,4.0158820152282715
K25_RS01,25,,12,A,128182595,false,false,,0.2311491938482734,1,budget_exhausted,0.6323041915893555
K25_RS01,25,,12,A,1845143962,false,false,,0.2311491938482734,1,budget_exhausted,0.6584498882293701
K25_RS01,25,,12,A,1683375127,false,false,,0.2311491938482734,1,budget_exhausted,0.619577169418335
K25_RS01,25,,12,A,893706906,false,false,,0.2311491938482734,1,budget_exhausted,0.6499621868133545
K25_RS00,25,,12,B,1683375127,false,false,,0.8500683447411935,7,budget_exhausted,6.230392932891846
K25_RS00,25,,12,B,893706906,false,false,,0.8500683447411935,7,budget_exhausted,7.7664830684661865
K25_RS00,25,,12,B,1753007184,false,false,,0.8500683447411935,7,budget_exhausted,7.523663759231567
K25_RS00,25,,12,B,2107424273,false,false,,0.8500683447411935,7,budget_exhausted,4.595989942550659
K25_RS00,25,,12,B,418825361,false,false,,0.000517282318838154,31,budget_exhausted,3.7469489574432373
K25_RS00,25,,12,B,215858185,false,false,,0.0162543540856162,25,budget_exhausted,3.5678842067718506
K25_RS00,25,,12,B,449904892,false,false,,0.8500683447411935,7,budget_exhausted,8.617830991744995
K25_RS00,25,,12,B,1667643188,false,false,,0.000309609236577459,45,budget_exhausted,4.853611946105957
K23_RS02,23,,11,A,1753007184,false,false,,0.24428361589329628,1043,budget_exhausted,27.229387998580933
K23_RS02,23,,11,A,2107424273,false,false,,0.06076558138549053,1931,budget_exhausted,87.17038702964783
K23_RS02,23,,11,A,418825361,false,false,,0.051454356445368804,95,budget_exhausted,16.83451199531555
K23_RS02,23,,11,A,215858185,false,false,,0.00029310692396914903,1031,budget_exhausted,71.17705178260803
K25_RS01,25,,12,A,449904892,false,false,,0.2311491938482734,1,budget_exhausted,0.6382937431335449
K25_RS01,25,,12,A,1667643188,false,false,,0.2311491938482734,1,budget_exhausted,0.6120848655700684
K25_RS01,25,,12,B,128182595,false,false,,0.10951760291812196,131,budget_exhausted,11.458737134933472
K25_RS01,25,,12,B,1845143962,false,false,,0.10583983804956845,81,budget_exhausted,9.471358299255371
K23_RS03,23,,11,A,1753007184,false,false,,0.12724563475445808,453,budget_exhausted,69.31043291091919
K23_RS03,23,,11,A,2107424273,false,false,,0.1372708001162577,437,budget_exhausted,20.6884548664093
K23_RS03,23,,11,A,418825361,false,false,,0.1672613832035353,671,budget_exhausted,23.25276803970337
K23_RS03,23,,11,A,215858185,false,false,,0.0005387443072540052,1321,budget_exhausted,42.22968006134033
K25_RS01,25,,12,B,418825361,false,false,,0.0359719059653694,81,budget_exhausted,9.5069260597229
K25_RS01,25,,12,B,215858185,false,false,,0.05779123714829715,113,budget_exhausted,8.986765146255493
K25_RS01,25,,12,B,449904892,false,false,,0.033070211940949196,51,budget_exhausted,6.8073647022247314
K25_RS01,25,,12,B,1667643188,false,false,,0.21897278661211056,27,budget_exhausted,4.0159690380096436
K25_RS01,25,,12,B,1683375127,false,false,,0.06841972164758606,83,budget_exhausted,8.18570613861084
K25_RS01,25,,12,B,893706906,false,false,,0.03406010811596402,47,budget_exhausted,5.519538879394531
K25_RS01,25,,12,B,1753007184,false,false,,0.018902702081138725,113,budget_exhausted,8.990124940872192
K25_RS01,25,,12,B,2107424273,false,false,,0.12023972166746245,127,budget_exhausted,11.348459005355835
K23_RS03,23,,11,A,128182595,false,false,,0.3302024805763432,773,budget_exhausted,41.08124399185181
K23_RS03,23,,11,A,1845143962,false,false,,0.14231875412440875,1511,budget_exhausted,62.31180500984192
K23_RS03,23,,11,A,1683375127,false,false,,0.007381860385529524,93,budget_exhausted,68.74965691566467
K23_RS03,23,,11,A,893706906,false,false,,0.01805783887412352,843,budget_exhausted,30.428282022476196
K25_RS01,25,,12,A,1753007184,false,false,,0.013468380777753437,1487,budget_exhausted,77.0293550491333
K25_RS01,25,,12,A,2107424273,false,false,,0.2311491938482734,1,budget_exhausted,0.615131139755249
K25_RS01,25,,12,A,418825361,false,false,,0.2311491938482734,1,budget_exhausted,0.6031811237335205
K25_RS01,25,,12,A,215858185,false,false,,0.2311491938482734,1,budget_exhausted,0.6292290687561035
K25_RS02,25,,12,B,1683375127,false,false,,51.350713425049804,99,budget_exhausted,9.74770975112915
K25_RS02,25,,12,B,893706906,false,false,,0.06913632534601508,171,budget_exhausted,15.65827488899231
K25_RS02,25,,12,B,1753007184,false,false,,0.008150861030079516,65,budget_exhausted,6.467387914657593
K25_RS02,25,,12,B,2107424273,false,false,,68.41013216004701,73,budget_exhausted,7.811381101608276
K25_RS02,25,,12,A,449904892,false,false,,13.370861497055317,247,budget_exhausted,10.970016956329346
K25_RS02,25,,12,A,1667643188,false,false,,3.1151696075551705,275,budget_exhausted,16.059370040893555
K25_RS02,25,,12,B,128182595,false,false,,2.428818602667061,91,budget_exhausted,10.004882097244263
K25_RS02,25,,12,B,1845143962,false,false,,4.620685139211293,87,budget_exhausted,7.975977897644043
K25_RS02,25,,12,B,418825361,false,false,,143.41906350134974,131,budget_exhausted,11.058712244033813
K25_RS02,25,,12,B,215858185,false,false,,12.724723167764296,83,budget_exhausted,7.8259711265563965
K25_RS02,25,,12,B,449904892,false,false,,0.1722889592436089,71,budget_exhausted,7.949531078338623
K25_RS02,25,,12,B,1667643188,false,false,,104.48878606090658,127,budget_exhausted,9.401307344436646
K25_RS02,25,,12,A,128182595,false,false,,0.07563577325602404,141,budget_exhausted,21.202826023101807
K25_RS02,25,,12,A,1845143962,false,false,,7.30838907113854,347,budget_exhausted,17.053136110305786
K25_RS02,25,,12,A,1683375127,false,false,,0.17777904125199606,171,budget_exhausted,7.4265830516815186
K25_RS02,25,,12,A,893706906,false,false,,0.006976335247941333,695,budget_exhausted,42.90653991699219
K27_RS00,27,,13,B,418825361,false,false,,0.070139620473126,85,budget_exhausted,8.733804941177368
K27_RS00,27,,13,B,215858185,false,false,,0.014155166258404055,55,budget_exhausted,6.1084959506988525
K27_RS00,27,,13,B,449904892,false,false,,0.003908615453879626,93,budget_exhausted,7.601252317428589
K27_RS00,27,,13,B,1667643188,false,false,,0.05540352130556655,77,budget_exhausted,7.208079099655151
K27_RS00,27,,13,B,1683375127,false,false,,0.035486426430676885,111,budget_exhausted,9.962140798568726
K27_RS00,27,,13,B,893706906,false,false,,0.002113517235954074,103,budget_exhausted,9.228785037994385
K27_RS00,27,,13,B,1753007184,false,false,,0.28447906802601386,93,budget_exhausted,9.028442859649658
K27_RS00,27,,13,B,2107424273,false,false,,0.287195967561037,93,budget_exhausted,8.623863935470581
K25_RS02,25,,12,A,1753007184,false,false,,102.00658977763327,255,budget_exhausted,23.22508716583252
K25_RS02,25,,12,A,2107424273,false,false,,30.43269325565844,57,budget_exhausted,75.34675407409668
K25_RS02,25,,12,A,418825361,false,false,,113.30286790045001,153,budget_exhausted,11.901176691055298
K25_RS02,25,,12,A,215858185,false,false,,2.2950601384565066,157,budget_exhausted,11.675583124160767
K27_RS00,27,,13,A,1753007184,false,false,,0.0020350491184365034,149,budget_exhausted,64.02679896354675
K27_RS00,27,,13,A,2107424273,false,false,,0.8465212379425361,1,budget_exhausted,0.6508312225341797
K27_RS00,27,,13,A,418825361,false,false,,0.8465212379425361,1,budget_exhausted,0.608971118927002
K27_RS00,27,,13,A,215858185,false,false,,0.8465212379425361,1,budget_exhausted,0.6399972438812256
K27_RS01,27,,13,B,1683375127,false,false,,0.227431431937951,77,budget_exhausted,7.6144859790802
K27_RS01,27,,13,B,893706906,false,false,,0.6878092152166765,115,budget_exhausted,10.21903109550476
K27_RS01,27,,13,B,1753007184,false,false,,0.05810937366925457,71,budget_exhausted,8.25345516204834
K27_RS01,27,,13,B,2107424273,false,false,,0.47878586000992684,43,budget_exhausted,7.81898307800293
K27_RS00,27,,13,A,449904892,false,false,,0.01755658022664624,1421,budget_exhausted,86.99652671813965
K27_RS00,27,,13,A,1667643188,false,false,,0.8465212379425361,1,budget_exhausted,0.6011219024658203
K27_RS00,27,,13,B,128182595,false,false,,0.03302501283433333,93,budget_exhausted,9.224106073379517
K27_RS00,27,,13,B,1845143962,false,false,,0.012672657926612286,63,budget_exhausted,7.294384002685547
K27_RS01,27,,13,B,418825361,false,false,,0.30103343521480525,93,budget_exhausted,8.342283964157104
K27_RS01,27,,13,B,215858185,false,false,,0.025870943260051703,93,budget_exhausted,9.987725019454956
K27_RS01,27,,13,B,449904892,false,false,,0.6684410567303424,93,budget_exhausted,8.4619619846344
K27_RS01,27,,13,B,1667643188,false,false,,0.21144477551079513,65,budget_exhausted,7.144161939620972
K27_RS01,27,,13,A,449904892,false,false,,0.5274072486481696,469,budget_exhausted,17.70755410194397
K27_RS01,27,,13,A,1667643188,false,false,,0.050370929117575736,109,budget_exhausted,62.70917773246765
K27_RS01,27,,13,B,128182595,false,false,,0.034198229852895154,87,budget_exhausted,7.166669130325317
K27_RS01,27,,13,B,1845143962,false,false,,0.01739640774433937,91,budget_exhausted,8.719791889190674
K27_RS00,27,,13,A,128182595,false,false,,0.8465212379425361,1,budget_exhausted,0.6216859817504883
K27_RS00,27,,13,A,1845143962,false,false,,0.0022016786653821833,1773,budget_exhausted,106.79939126968384
K27_RS00,27,,13,A,1683375127,false,false,,0.8110297383922628,583,budget_exhausted,42.09601593017578
K27_RS00,27,,13,A,893706906,false,false,,0.010109698539294346,633,budget_exhausted,41.16366958618164
K27_RS02,27,,13,B,1683375127,false,false,,0.1725888616105953,93,budget_exhausted,8.77409291267395
K27_RS02,27,,13,B,893706906,false,false,,0.01719080952028593,75,budget_exhausted,7.11028790473938
K27_RS02,27,,13,B,1753007184,false,false,,0.0636383196362818,77,budget_exhausted,8.304383993148804
K27_RS02,27,,13,B,2107424273,false,false,,0.2721502853252719,89,budget_exhausted,8.882500171661377
K27_RS01,27,,13,A,128182595,false,false,,0.3211559751071745,687,budget_exhausted,43.014954805374146
K27_RS01,27,,13,A,1845143962,false,false,,0.21831246287610084,1413,budget_exhausted,88.94769883155823
K27_RS01,27,,13,A,1683375127,false,false,,1.5933791785822522,327,budget_exhausted,25.698577880859375
K27_RS01,27,,13,A,893706906,false,false,,0.23959997507274777,1515,budget_exhausted,27.307508945465088
K27_RS02,27,,13,A,128182595,false,false,,8.741101229147889e-06,331,budget_exhausted,24.449025869369507
K27_RS02,27,,13,A,1845143962,false,false,,0.018556276813039865,1023,budget_exhausted,59.2075629234314
K27_RS02,27,,13,A,1683375127,false,false,,0.015528487834113943,693,budget_exhausted,34.07096314430237
K27_RS02,27,,13,A,893706906,false,false,,0.024635110077940794,267,budget_exhausted,27.707502841949463
K27_RS02,27,,13,B,418825361,false,false,,0.030598649901315222,95,budget_exhausted,8.039204120635986
K27_RS02,27,,13,B,215858185,false,false,,0.07908125455238187,117,budget_exhausted,9.678908109664917
K27_RS02,27,,13,B,449904892,false,false,,0.018030017270749977,113,budget_exhausted,10.473765134811401
K27_RS02,27,,13,B,1667643188,false,false,,0.1566780756100978,93,budget_exhausted,8.911433935165405
K27_RS02,27,,13,A,1753007184,false,false,,0.012879246210916412,115,budget_exhausted,19.85058307647705
K27_RS02,27,,13,A,2107424273,false,false,,0.013293453547819233,937,budget_exhausted,47.18303942680359
K27_RS02,27,,13,A,418825361,false,false,,0.012909274386159946,457,budget_exhausted,32.23810005187988
K27_RS02,27,,13,A,215858185,false,false,,0.08161377841181808,61,budget_exhausted,19.670855283737183
K27_RS02,27,,13,A,449904892,false,false,,0.015494887668985656,325,budget_exhausted,74.38990902900696
K27_RS02,27,,13,A,1667643188,false,false,,0.015861709686960716,173,budget_exhausted,20.874940156936646
K27_RS02,27,,13,B,128182595,false,false,,0.0004746659855400926,93,budget_exhausted,8.809206008911133
K27_RS02,27,,13,B,1845143962,false,false,,0.02724228956320369,73,budget_exhausted,8.053219079971313
K27_RS03,27,,13,B,1683375127,false,false,,0.0756870410258877,65,budget_exhausted,8.124369144439697
K27_RS03,27,,13,B,893706906,false,false,,3.875409494112235e-05,47,budget_exhausted,5.757272958755493
K27_RS03,27,,13,B,1753007184,false,false,,0.03755818492863081,43,budget_exhausted,5.058545112609863
K27_RS03,27,,13,B,2107424273,false,false,,0.015752518609851954,67,budget_exhausted,6.576119899749756
K27_RS04,27,,13,A,128182595,false,false,,1.0210728137764513,1,budget_exhausted,0.6244862079620361
K27_RS04,27,,13,A,1845143962,false,false,,1.0210728137764513,1,budget_exhausted,0.6550559997558594
K27_RS04,27,,13,A,1683375127,false,false,,1.0210728137764513,1,budget_exhausted,0.6227638721466064
K27_RS04,27,,13,A,893706906,false,false,,1.0210728137764513,1,budget_exhausted,0.6572890281677246
K27_RS01,27,,13,A,1753007184,false,false,,1.6170175416668218,1303,budget_exhausted,54.081485986709595
K27_RS01,27,,13,A,2107424273,false,false,,0.42742899624238384,1731,budget_exhausted,82.97136378288269
K27_RS01,27,,13,A,418825361,false,false,,0.07903062247860503,1613,budget_exhausted,68.01350283622742
K27_RS01,27,,13,A,215858185,false,false,,0.20250148967028053,277,budget_exhausted,31.991828203201294
K27_RS03,27,,13,B,418825361,false,false,,0.024688543927073873,101,budget_exhausted,7.396970987319946
K27_RS03,27,,13,B,215858185,false,false,,0.018957979307687372,65,budget_exhausted,6.824189901351929
K27_RS03,27,,13,B,449904892,false,false,,0.08805935868238941,147,budget_exhausted,13.242877960205078
K27_RS03,27,,13,B,1667643188,false,false,,1.1811389105450472e-05,75,budget_exhausted,7.39188289642334
K27_RS04,27,,13,A,449904892,false,false,,1.0210728137764513,1,budget_exhausted,0.6411960124969482
K27_RS04,27,,13,A,1667643188,false,false,,1.0210728137764513,1,budget_exhausted,0.6105611324310303
K27_RS04,27,,13,B,128182595,false,false,,0.4914944318464717,101,budget_exhausted,8.338443040847778
K27_RS04,27,,13,B,1845143962,false,false,,0.19736196855257038,125,budget_exhausted,10.576371908187866
K27_RS04,27,,13,B,418825361,false,false,,0.13135506083590615,33,budget_exhausted,6.751209020614624
K27_RS04,27,,13,B,215858185,false,false,,0.45738813561551567,75,budget_exhausted,7.904797077178955
K27_RS04,27,,13,B,449904892,false,false,,0.13606607581917732,59,budget_exhausted,8.10862421989441
K27_RS04,27,,13,B,1667643188,false,false,,0.5576009025149095,51,budget_exhausted,6.818959712982178
K27_RS04,27,,13,B,1683375127,false,false,,0.3230740361004132,95,budget_exhausted,9.216986656188965
K27_RS04,27,,13,B,893706906,false,false,,0.3665882787081101,81,budget_exhausted,9.009289264678955
K27_RS04,27,,13,B,1753007184,false,false,,0.491526097133774,113,budget_exhausted,9.55809998512268
K27_RS04,27,,13,B,2107424273,false,false,,0.3462098497965187,87,budget_exhausted,10.038841962814331
K27_RS04,27,,13,A,1753007184,false,false,,1.0210728137764513,1,budget_exhausted,0.6409547328948975
K27_RS04,27,,13,A,2107424273,false,false,,1.0210728137764513,1,budget_exhausted,0.6310760974884033
K27_RS04,27,,13,A,418825361,false,false,,1.0210728137764513,1,budget_exhausted,0.6034500598907471
K27_RS04,27,,13,A,215858185,false,false,,0.1972382711907219,825,budget_exhausted,63.44594693183899
K27_RS03,27,,13,A,449904892,false,false,,9.571865386766304e-06,225,budget_exhausted,18.99924921989441
K27_RS03,27,,13,A,1667643188,false,false,,0.030289016862272512,317,budget_exhausted,91.39586615562439
K27_RS03,27,,13,B,128182595,false,false,,0.00024388274720355454,139,budget_exhausted,11.526669025421143
K27_RS03,27,,13,B,1845143962,false,false,,0.003055661228233807,117,budget_exhausted,11.127610921859741
K27_RS03,27,,13,A,128182595,false,false,,0.10137800120537825,1275,budget_exhausted,92.37295293807983
K27_RS03,27,,13,A,1845143962,false,false,,0.00573173757818576,211,budget_exhausted,33.637516021728516
K27_RS03,27,,13,A,1683375127,false,false,,2.761621023987974e-06,127,budget_exhausted,7.9105870723724365
K27_RS03,27,,13,A,893706906,false,false,,0.04752401461301724,993,budget_exhausted,38.48193717002869
K27_RS05,27,,13,B,1683375127,false,false,,1.0806091920896548,107,budget_exhausted,10.019593954086304
K27_RS05,27,,13,B,893706906,false,false,,0.04808783845842407,109,budget_exhausted,7.262236833572388
K27_RS05,27,,13,B,1753007184,false,false,,0.7120299081086464,51,budget_exhausted,5.807626962661743
K27_RS05,27,,13,B,2107424273,false,false,,0.047388471233942846,37,budget_exhausted,4.432749032974243
K27_RS05,27,,13,A,449904892,false,false,,0.11687569299527054,337,budget_exhausted,30.399888038635254
K27_RS05,27,,13,A,1667643188,false,false,,0.027316906314544066,535,budget_exhausted,39.321568727493286
K27_RS05,27,,13,B,128182595,false,false,,0.12419951295690715,67,budget_exhausted,6.500338315963745
K27_RS05,27,,13,B,1845143962,false,false,,0.1781375175066092,99,budget_exhausted,9.157728910446167
K27_RS05,27,,13,B,418825361,false,false,,0.05771440629443796,39,budget_exhausted,5.110547780990601
K27_RS05,27,,13,B,215858185,false,false,,0.6115111791573599,77,budget_exhausted,7.390455961227417
K27_RS05,27,,13,B,449904892,false,false,,0.09735903187159435,169,budget_exhausted,14.67317509651184
K27_RS05,27,,13,B,1667643188,false,false,,0.38259974049355955,37,budget_exhausted,3.8169589042663574
K27_RS05,27,,13,A,1753007184,false,false,,0.12713390068940916,313,budget_exhausted,26.342669010162354
K27_RS05,27,,13,A,2107424273,false,false,,0.2697237825874766,211,budget_exhausted,19.970438957214355
K27_RS05,27,,13,A,418825361,false,false,,0.0674391826948377,485,budget_exhausted,65.40502405166626
K27_RS05,27,,13,A,215858185,false,false,,0.21940185975099002,485,budget_exhausted,36.57147192955017
K27_RS03,27,,13,A,1753007184,false,false,,5.5836891921593694e-06,49,budget_exhausted,69.0289249420166
K27_RS03,27,,13,A,2107424273,false,false,,0.0884855244575342,1961,budget_exhausted,82.17896699905396
K27_RS03,27,,13,A,418825361,false,false,,0.010720851579478503,1211,budget_exhausted,70.81967782974243
K27_RS03,27,,13,A,215858185,false,false,,0.044002489132823105,85,budget_exhausted,33.78936719894409
K29_RS00,29,,14,A,449904892,false,false,,0.021543900277165417,227,budget_exhausted,17.032274961471558
K29_RS00,29,,14,A,1667643188,false,false,,0.01563696682452423,573,budget_exhausted,34.34681296348572
K29_RS00,29,,14,B,128182595,false,false,,0.07730483409904394,77,budget_exhausted,7.14563775062561
K29_RS00,29,,14,B,1845143962,false,false,,0.024375919756423982,93,budget_exhausted,8.693639993667603
K29_RS00,29,,14,B,1683375127,false,false,,0.07418647594470444,89,budget_exhausted,9.721708059310913
K29_RS00,29,,14,B,893706906,false,false,,0.04464753893349833,105,budget_exhausted,8.47447395324707
K29_RS00,29,,14,B,1753007184,false,false,,0.002559210052418044,75,budget_exhausted,7.019763231277466
K29_RS00,29,,14,B,2107424273,false,false,,0.03718508613342495,77,budget_exhausted,7.618685960769653
K29_RS00,29,,14,B,418825361,false,false,,0.07501090279623758,133,budget_exhausted,10.241499900817871
K29_RS00,29,,14,B,215858185,false,false,,0.05016021121812887,97,budget_exhausted,9.880053997039795
K29_RS00,29,,14,B,449904892,false,false,,0.11458937132944595,57,budget_exhausted,6.616947412490845
K29_RS00,29,,14,B,1667643188,false,false,,0.04494764324464732,109,budget_exhausted,10.48330283164978
K29_RS00,29,,14,A,1753007184,false,false,,0.0008938102785368999,193,budget_exhausted,32.59403586387634
K29_RS00,29,,14,A,2107424273,false,false,,0.09388482497396823,265,budget_exhausted,16.459359884262085
K29_RS00,29,,14,A,418825361,false,false,,0.16416164850071707,141,budget_exhausted,30.418901920318604
K29_RS00,29,,14,A,215858185,false,false,,0.09195990391876926,29,budget_exhausted,33.439104080200195
K29_RS00,29,,14,A,128182595,false,false,,0.018070597475073377,529,budget_exhausted,21.884437084197998
K29_RS00,29,,14,A,1845143962,false,false,,0.03162721504456354,421,budget_exhausted,40.91383719444275
K29_RS00,29,,14,A,1683375127,false,false,,0.03370579554162144,125,budget_exhausted,49.88035702705383
K29_RS00,29,,14,A,893706906,false,false,,0.03076185797941461,1561,budget_exhausted,31.018513202667236
K29_RS01,29,,14,B,1683375127,false,false,,0.06714446383490145,81,budget_exhausted,7.944340944290161
K29_RS01,29,,14,B,893706906,false,false,,0.010722529654713805,123,budget_exhausted,10.887240886688232
K29_RS01,29,,14,B,1753007184,false,false,,0.0066080633207312575,109,budget_exhausted,10.069865942001343
K29_RS01,29,,14,B,2107424273,false,false,,0.0022403567805287495,119,budget_exhausted,10.871222972869873
K29_RS01,29,,14,B,418825361,false,false,,0.0043514985196925066,119,budget_exhausted,9.852466821670532
K29_RS01,29,,14,B,215858185,false,false,,0.01279826437981843,87,budget_exhausted,8.483144760131836
K29_RS01,29,,14,B,449904892,false,false,,0.04465828050067965,117,budget_exhausted,9.844811916351318
K29_RS01,29,,14,B,1667643188,false,false,,0.0005485459408854749,119,budget_exhausted,10.095908880233765
K29_RS01,29,,14,A,449904892,false,false,,0.013258536949146036,527,budget_exhausted,32.30649995803833
K29_RS01,29,,14,A,1667643188,false,false,,0.004684634957676971,533,budget_exhausted,26.942132234573364
K29_RS01,29,,14,B,128182595,false,false,,0.020443559262646627,105,budget_exhausted,8.853036880493164
K29_RS01,29,,14,B,1845143962,false,false,,0.0157285887603559,95,budget_exhausted,8.606847047805786
K27_RS05,27,,13,A,128182595,false,false,,0.07127968075015005,1541,budget_exhausted,91.9997308254242
K27_RS05,27,,13,A,1845143962,false,false,,0.15210779795415222,529,budget_exhausted,26.507779121398926
K27_RS05,27,,13,A,1683375127,false,false,,0.02646429164186748,1183,budget_exhausted,54.91052222251892
K27_RS05,27,,13,A,893706906,false,false,,0.3953888170239716,1801,budget_exhausted,112.79267120361328
K29_RS01,29,,14,A,128182595,false,false,,0.0042897139515405405,835,budget_exhausted,40.448161125183105
K29_RS01,29,,14,A,1845143962,false,false,,0.10251280686978594,397,budget_exhausted,34.4741632938385
K29_RS01,29,,14,A,1683375127,false,false,,0.010828083049057746,515,budget_exhausted,32.0248019695282
K29_RS01,29,,14,A,893706906,false,false,,0.002151894782358745,323,budget_exhausted,23.59581184387207
K29_RS02,29,,14,B,1683375127,false,false,,0.18980030006604529,7,budget_exhausted,7.047878980636597
K29_RS02,29,,14,B,893706906,false,false,,0.07577171374704297,105,budget_exhausted,9.147087812423706
K29_RS02,29,,14,B,1753007184,false,false,,0.03584892937401877,57,budget_exhausted,6.287771701812744
K29_RS02,29,,14,B,2107424273,false,false,,0.03488349351491907,39,budget_exhausted,5.547323942184448
K29_RS02,29,,14,B,418825361,false,false,,0.0061627391245177325,47,budget_exhausted,6.140444993972778
K29_RS02,29,,14,B,215858185,false,false,,0.01599677734551641,41,budget_exhausted,5.074843883514404
K29_RS02,29,,14,B,449904892,false,false,,0.021723887308540944,37,budget_exhausted,4.536963939666748
K29_RS02,29,,14,B,1667643188,false,false,,0.04323967706158635,57,budget_exhausted,7.410550594329834
K29_RS02,29,,14,A,449904892,false,false,,0.4855867075828354,201,budget_exhausted,22.617530822753906
K29_RS02,29,,14,A,1667643188,false,false,,0.06217391679718549,1539,budget_exhausted,30.56425404548645
K29_RS02,29,,14,B,128182595,false,false,,0.021839605769526326,55,budget_exhausted,6.050024032592773
K29_RS02,29,,14,B,1845143962,false,false,,0.0026593531103937555,95,budget_exhausted,7.061230897903442
K29_RS01,29,,14,A,1753007184,false,false,,0.00074613314267277,115,budget_exhausted,30.72085404396057
K29_RS01,29,,14,A,2107424273,false,false,,0.0017183849504745288,817,budget_exhausted,71.1535050868988
K29_RS01,29,,14,A,418825361,false,false,,0.03567363780573639,229,budget_exhausted,18.637948751449585
K29_RS01,29,,14,A,215858185,false,false,,0.018734082327719323,891,budget_exhausted,72.21187210083008
K31_RS00,31,,15,A,128182595,false,false,,0.8342107471710832,1,budget_exhausted,0.6542432308197021
K31_RS00,31,,15,A,1845143962,false,false,,0.30761027278322106,21,budget_exhausted,0.8441019058227539
K31_RS00,31,,15,A,1683375127,false,false,,0.02866421867478123,479,budget_exhausted,20.52672505378723
K31_RS00,31,,15,A,893706906,false,false,,0.38795857714697707,1417,budget_exhausted,45.09330677986145
K31_RS00,31,,15,B,1683375127,false,false,,0.1614502254517913,53,budget_exhausted,5.576372861862183
K31_RS00,31,,15,B,893706906,false,false,,0.291210413085015,119,budget_exhausted,10.976160049438477
K31_RS00,31,,15,B,1753007184,false,false,,0.07280178269413587,135,budget_exhausted,11.429348707199097
K31_RS00,31,,15,B,2107424273,false,false,,0.2605132629649145,63,budget_exhausted,6.453963041305542
K31_RS00,31,,15,B,418825361,false,false,,0.04179617793569043,89,budget_exhausted,9.363245010375977
K31_RS00,31,,15,B,215858185,false,false,,0.02641845732713528,133,budget_exhausted,11.440862894058228
K31_RS00,31,,15,B,449904892,false,false,,0.19525448296848588,71,budget_exhausted,7.263360023498535
K31_RS00,31,,15,B,1667643188,false,false,,0.02061625234982843,83,budget_exhausted,9.351599931716919
K31_RS00,31,,15,A,449904892,false,false,,0.8342107471710832,1,budget_exhausted,0.6663999557495117
K31_RS00,31,,15,A,1667643188,false,false,,0.3755325920776727,1905,budget_exhausted,86.42751002311707
K31_RS00,31,,15,B,128182595,false,false,,0.03948539256300135,117,budget_exhausted,9.961174964904785
K31_RS00,31,,15,B,1845143962,false,false,,0.0707227549018283,77,budget_exhausted,8.944491863250732
K29_RS02,29,,14,A,1753007184,false,false,,0.011749009468398375,795,budget_exhausted,56.25142502784729
K29_RS02,29,,14,A,2107424273,false,false,,0.008621917892000798,855,budget_exhausted,16.16993999481201
K29_RS02,29,,14,A,418825361,false,false,,0.012361330215137563,1641,budget_exhausted,106.82613396644592
K29_RS02,29,,14,A,215858185,false,false,,0.021960657513778046,1735,budget_exhausted,90.87708711624146
K31_RS00,31,,15,A,1753007184,false,false,,0.02067763134521069,415,budget_exhausted,67.84922814369202
K31_RS00,31,,15,A,2107424273,false,false,,0.2317068000285707,665,budget_exhausted,28.55312490463257
K31_RS00,31,,15,A,418825361,false,false,,0.022505023249857096,1211,budget_exhausted,83.01028728485107
K31_RS00,31,,15,A,215858185,false,false,,0.27748249450555373,619,budget_exhausted,25.473793029785156
K31_RS01,31,,15,A,449904892,false,false,,2395.0883360497614,327,budget_exhausted,36.71357727050781
K31_RS01,31,,15,A,1667643188,false,false,,1877.1403128792363,761,budget_exhausted,41.24805307388306
K31_RS01,31,,15,B,128182595,false,false,,3423.002026136196,67,budget_exhausted,7.085302114486694
K31_RS01,31,,15,B,1845143962,false,false,,249603.8642930649,97,budget_exhausted,9.524851083755493
K31_RS01,31,,15,B,1683375127,false,false,,6445.908675888546,85,budget_exhausted,8.310636043548584
K31_RS01,31,,15,B,893706906,false,false,,328626.69118835847,45,budget_exhausted,4.999318838119507
K31_RS01,31,,15,B,1753007184,false,false,,27212.86085752678,33,budget_exhausted,4.302933931350708
K31_RS01,31,,15,B,2107424273,false,false,,2061.3843271038263,115,budget_exhausted,10.861878871917725
K29_RS02,29,,14,A,128182595,false,false,,0.013474268026005093,413,budget_exhausted,32.948209047317505
K29_RS02,29,,14,A,1845143962,false,false,,0.44389177121862355,1671,budget_exhausted,134.41559100151062
K29_RS02,29,,14,A,1683375127,false,false,,0.013491391761053174,1765,budget_exhausted,100.10684394836426
K29_RS02,29,,14,A,893706906,false,false,,0.003303597345304579,609,budget_exhausted,43.2506799697876
K31_RS01,31,,15,B,418825361,false,false,,129238.29772274262,39,budget_exhausted,5.413355827331543
K31_RS01,31,,15,B,215858185,false,false,,1099.8824854514892,89,budget_exhausted,8.470117807388306
K31_RS01,31,,15,B,449904892,false,false,,4804.213347653564,89,budget_exhausted,8.479744911193848
K31_RS01,31,,15,B,1667643188,false,false,,3123.8600841027264,89,budget_exhausted,8.740370988845825
K31_RS01,31,,15,A,1753007184,false,false,,461457.78349388373,117,budget_exhausted,35.71585416793823
K31_RS01,31,,15,A,2107424273,false,false,,11316.198797304327,791,budget_exhausted,59.7938928604126
K31_RS01,31,,15,A,418825361,false,false,,23272.425588274313,863,budget_exhausted,44.881304025650024
K31_RS01,31,,15,A,215858185,false,false,,1486.5534335374343,613,budget_exhausted,25.283831119537354
K31_RS02,31,,15,B,1683375127,false,false,,0.05112065405691666,81,budget_exhausted,9.24850606918335
K31_RS02,31,,15,B,893706906,false,false,,0.10869168335380312,83,budget_exhausted,8.28690791130066
K31_RS02,31,,15,B,1753007184,false,false,,0.11022376195824751,87,budget_exhausted,8.327549934387207
K31_RS02,31,,15,B,2107424273,false,false,,0.05321716672514715,109,budget_exhausted,9.530033111572266
K31_RS01,31,,15,A,128182595,false,false,,0.7534515251333505,273,budget_exhausted,79.31326794624329
K31_RS01,31,,15,A,1845143962,false,false,,21069.80282198534,387,budget_exhausted,42.787678956985474
K31_RS01,31,,15,A,1683375127,false,false,,2056.58901673617,673,budget_exhausted,25.950146198272705
K31_RS01,31,,15,A,893706906,false,false,,0.7537919257710296,291,budget_exhausted,43.74069023132324
K31_RS02,31,,15,B,418825361,false,false,,0.007627333677594114,99,budget_exhausted,9.282808065414429
K31_RS02,31,,15,B,215858185,false,false,,0.32692092402261447,85,budget_exhausted,9.160297870635986
K31_RS02,31,,15,B,449904892,false,false,,0.009995272195730327,79,budget_exhausted,8.195839166641235
K31_RS02,31,,15,B,1667643188,false,false,,0.0828791805753326,161,budget_exhausted,11.997052192687988
K31_RS02,31,,15,A,449904892,false,false,,0.09627973611669105,53,budget_exhausted,12.275928735733032
K31_RS02,31,,15,A,1667643188,false,false,,0.10304920380585354,1495,budget_exhausted,69.68811416625977
K31_RS02,31,,15,B,128182595,false,false,,0.10214636863885561,39,budget_exhausted,4.348846197128296
K31_RS02,31,,15,B,1845143962,false,false,,0.0029565655109587046,81,budget_exhausted,7.330215215682983
K31_RS03,31,,15,A,128182595,false,false,,58.15262780573137,1,budget_exhausted,0.6457469463348389
K31_RS03,31,,15,A,1845143962,false,false,,58.15262780573137,1,budget_exhausted,0.6654319763183594
K31_RS03,31,,15,A,1683375127,false,false,,0.03522795588134318,419,budget_exhausted,60.27606511116028
K31_RS03,31,,15,A,893706906,false,false,,58.15262780573137,1,budget_exhausted,0.6495590209960938
K31_RS03,31,,15,A,449904892,false,false,,0.27696012573764656,551,budget_exhausted,29.507241010665894
K31_RS03,31,,15,A,1667643188,false,false,,58.15262780573137,1,budget_exhausted,0.6131141185760498
K31_RS03,31,,15,B,128182595,false,false,,0.09890769327733034,173,budget_exhausted,13.07773208618164
K31_RS03,31,,15,B,1845143962,false,false,,6.387914602464804,97,budget_exhausted,8.87733769416809
K31_RS04,31,,15,A,128182595,false,false,,1.1699269231344902,1,budget_exhausted,0.6532549858093262
K31_RS04,31,,15,A,1845143962,false,false,,1.1699269231344902,1,budget_exhausted,0.6604869365692139
K31_RS04,31,,15,A,1683375127,false,false,,1.1699269231344902,1,budget_exhausted,0.6408529281616211
K31_RS04,31,,15,A,893706906,false,false,,1.1699269231344902,1,budget_exhausted,0.6627740859985352
K31_RS03,31,,15,B,1683375127,false,false,,0.24223467168683152,159,budget_exhausted,14.411617040634155
K31_RS03,31,,15,B,893706906,false,false,,0.15310851206740303,171,budget_exhausted,14.630709171295166
K31_RS03,31,,15,B,1753007184,false,false,,2.1549033961432906,125,budget_exhausted,10.497190237045288
K31_RS03,31,,15,B,2107424273,false,false,,0.23017923313241268,109,budget_exhausted,11.858613967895508
K31_RS02,31,,15,A,1753007184,false,false,,0.012827931713161602,569,budget_exhausted,15.675909042358398
K31_RS02,31,,15,A,2107424273,false,false,,0.0532431407916953,491,budget_exhausted,40.66253590583801
K31_RS02,31,,15,A,418825361,false,false,,0.006690059360766709,657,budget_exhausted,37.56151294708252
K31_RS02,31,,15,A,215858185,false,false,,0.018138278613712755,1261,budget_exhausted,55.99705386161804
K31_RS03,31,,15,B,418825361,false,false,,0.6777672165402361,157,budget_exhausted,13.426462411880493
K31_RS03,31,,15,B,215858185,false,false,,0.39189133007488514,113,budget_exhausted,12.284582138061523
K31_RS03,31,,15,B,449904892,false,false,,0.3402920859498589,131,budget_exhausted,12.26680302619934
K31_RS03,31,,15,B,1667643188,false,false,,2.0520368551230854,99,budget_exhausted,8.985426902770996
K31_RS03,31,,15,A,1753007184,false,false,,0.06013104621239257,683,budget_exhausted,52.06832003593445
K31_RS03,31,,15,A,2107424273,false,false,,58.15262780573137,1,budget_exhausted,0.6309280395507812
K31_RS03,31,,15,A,418825361,false,false,,0.4107375448395125,1619,budget_exhausted,56.161757946014404
K31_RS03,31,,15,A,215858185,false,false,,58.15262780573137,1,budget_exhausted,0.6353070735931396
K31_RS04,31,,15,B,418825361,false,false,,0.010992498687076743,89,budget_exhausted,8.444776773452759
K31_RS04,31,,15,B,215858185,false,false,,0.09517297387304496,31,budget_exhausted,4.465047121047974
K31_RS04,31,,15,B,449904892,false,false,,0.008787309523558601,109,budget_exhausted,10.158641815185547
K31_RS04,31,,15,B,1667643188,false,false,,0.40163939182385894,57,budget_exhausted,7.40708589553833
K31_RS04,31,,15,B,1683375127,false,false,,0.025001180116177725,67,budget_exhausted,9.79895305633545
K31_RS04,31,,15,B,893706906,false,false,,0.002506432874464808,75,budget_exhausted,6.9483962059021
K31_RS04,31,,15,B,1753007184,false,false,,0.02501939441851574,87,budget_exhausted,9.094367027282715
K31_RS04,31,,15,B,2107424273,false,false,,0.02546704432040937,63,budget_exhausted,6.2780921459198
K31_RS02,31,,15,A,128182595,false,false,,0.022523661189479592,1735,budget_exhausted,53.565242290496826
K31_RS02,31,,15,A,1845143962,false,false,,0.02567622419434817,1649,budget_exhausted,65.61295223236084
K31_RS02,31,,15,A,1683375127,false,false,,0.0030137211702854485,1617,budget_exhausted,20.695567846298218
K31_RS02,31,,15,A,893706906,false,false,,0.03483755048245295,395,budget_exhausted,55.4318573474884
K31_RS05,31,,15,B,1683375127,false,false,,0.07829062192091449,79,budget_exhausted,8.005270004272461
K31_RS05,31,,15,B,893706906,false,false,,0.1883948675417771,51,budget_exhausted,6.585237979888916
K31_RS05,31,,15,B,1753007184,false,false,,0.1767970808967312,243,budget_exhausted,19.539173126220703
K31_RS05,31,,15,B,2107424273,false,false,,0.128496082396764,59,budget_exhausted,6.611246109008789
K31_RS05,31,,15,A,449904892,false,false,,0.10591627410822109,415,budget_exhausted,22.981632947921753
K31_RS05,31,,15,A,1667643188,false,false,,0.005677465347568448,43,budget_exhausted,18.54680609703064
K31_RS05,31,,15,B,128182595,false,false,,0.34282250249475565,77,budget_exhausted,7.782660961151123
K31_RS05,31,,15,B,1845143962,false,false,,0.905429560661692,95,budget_exhausted,8.633378028869629
K31_RS04,31,,15,A,1753007184,false,false,,0.44131197608682193,985,budget_exhausted,122.23223495483398
K31_RS04,31,,15,A,2107424273,false,false,,1.1699269231344902,1,budget_exhausted,0.6537280082702637
K31_RS04,31,,15,A,418825361,false,false,,1.1699269231344902,1,budget_exhausted,0.6379659175872803
K31_RS04,31,,15,A,215858185,false,false,,1.1699269231344902,1,budget_exhausted,0.6840951442718506
K31_RS05,31,,15,B,418825361,false,false,,0.11331194396999676,55,budget_exhausted,5.775859832763672
K31_RS05,31,,15,B,215858185,false,false,,0.4105517759975439,57,budget_exhausted,5.3463029861450195
K31_RS05,31,,15,B,449904892,false,false,,0.22186308061787666,99,budget_exhausted,8.886077880859375
K31_RS05,31,,15,B,1667643188,false,false,,0.18705101519124176,111,budget_exhausted,10.233581781387329
K31_RS05,31,,15,A,128182595,false,false,,0.032773984583504084,1315,budget_exhausted,82.46447801589966
K31_RS05,31,,15,A,1845143962,false,false,,0.9223943282726285,627,budget_exhausted,19.57835817337036
K31_RS05,31,,15,A,1683375127,false,false,,0.00013159734428187323,235,budget_exhausted,11.713655948638916
K31_RS05,31,,15,A,893706906,false,false,,0.0018844038928672586,1775,budget_exhausted,53.665135860443115
K31_RS04,31,,15,A,449904892,false,false,,0.24747375731317958,1591,budget_exhausted,98.46146488189697
K31_RS04,31,,15,A,1667643188,false,false,,0.15044035598018723,1921,budget_exhausted,87.42706727981567
K31_RS04,31,,15,B,128182595,false,false,,0.01123776604351684,117,budget_exhausted,9.967911005020142
K31_RS04,31,,15,B,1845143962,false,false,,0.024725627557251755,95,budget_exhausted,8.709782123565674
K31_RS05,31,,15,A,1753007184,false,false,,0.44139174905491396,413,budget_exhausted,13.391510009765625
K31_RS05,31,,15,A,2107424273,false,false,,0.006535398012483857,537,budget_exhausted,73.64453196525574
K31_RS05,31,,15,A,418825361,false,false,,0.09587605459841478,1271,budget_exhausted,73.81329774856567
K31_RS05,31,,15,A,215858185,false,false,,0.9211464278002178,423,budget_exhausted,52.419333934783936
